Price,Close,High,Low,Open,Volume,RSI,MACD,MACD_Signal,MACD_Hist,CCI,ADX,Tenkan-sen,Kijun-sen,Senkou_Span_A,Senkou_Span_B
Ticker,KCHOL.IS,KCHOL.IS,KCHOL.IS,KCHOL.IS,KCHOL.IS,,,,,,,,,,
Date,,,,,,,,,,,,,,,
2024-04-25,203.88482666015625,207.8020199948775,202.54725627086913,202.9294150739729,13180996,68.9229768560251,8.965377675923492,9.148939165999757,-0.183561490076265,98.21049184749286,57.952719878010434,201.23976055465457,182.71714585723754,160.22252137168562,148.67619095572746
2024-04-26,207.32431030273438,208.56634825709907,203.21603764372358,204.45807559808827,13040940,65.24772309017581,9.070780561027249,9.133307445005254,-0.06252688397800554,104.59444875038996,58.30385929507598,201.62192468576535,183.03739109626633,160.22252137168562,148.67619095572746
2024-04-29,214.9676055908203,216.2096435610298,207.89756572720285,209.23513610839842,16748327,69.86269255802684,9.659712011813099,9.238588358366822,0.42112365344627634,148.99169603315303,60.35393623747615,205.4435723377307,186.85903874823168,160.22252137168562,148.722200782203
2024-04-30,216.0185546875,219.45802747906652,214.01218462526884,214.96759616377452,15097259,76.9755916120543,10.094879748638988,9.409846636421255,0.6850331122177327,171.8746971137871,62.62228094596724,207.0677642967491,189.6792754985933,160.24552182161602,149.55022080936084
2024-05-02,224.52171325683594,226.8146951353237,217.54720605700277,217.83383243641956,15150124,78.5381199695025,10.999096411242903,9.727696591385584,1.2713998198573186,218.6134452314349,65.39684840538138,210.74609812487768,195.8416695061993,161.2345498305183,150.5162415363123
2024-05-03,222.3242645263672,226.623616496669,219.45802987949932,224.52171400465056,11574009,69.03974454011518,11.406887385938006,10.063534750296068,1.3433526356419385,186.158700324749,67.78358881101616,210.74609812487768,199.61378057399145,163.9026168250776,152.95430868671238
2024-05-06,223.94845581054688,226.24145221946324,219.5535715390306,223.6618440155524,12182754,80.15450629318185,11.725953837375158,10.396018567711886,1.329935269663272,157.59223285975676,69.96678521231802,212.21813401077594,200.53380414730026,167.7667364265937,156.81842828822846
2024-05-07,225.4771270751953,227.86565596370374,219.4580313604694,224.80834190209762,19075683,80.73368958559368,11.964250857904716,10.709665025750454,1.2545858321542624,138.84550484340573,72.0369368895931,213.91665203194373,201.0592845614903,168.0887376527018,158.52046957686025
2024-05-08,222.80197143554688,226.33699126900265,220.22236315591283,226.14591187392298,10932528,75.65330436848716,11.801203334553833,10.92797268751113,0.8732306470427034,111.08529424735048,75.01732396095994,215.20645611728645,201.0592845614903,174.20691322542143,166.5247032123336
2024-05-09,225.094970703125,225.4771294980234,221.84656263279425,222.80197419846385,9535258,77.13531205470258,11.721890221256075,11.086756194260118,0.6351340269959564,102.74184895040207,77.55066248706218,215.54084680371366,201.0592845614903,174.20691322542143,166.5247032123336
2024-05-10,226.6236114501953,231.20958969874764,224.42616202084494,225.2860411428114,12760549,81.72296537825363,11.648110374749109,11.199027030357918,0.449083344391191,110.01594824863778,80.01589177165185,219.55357771297525,203.09926732561365,174.20691322542143,166.5247032123336
2024-05-13,226.7191619873047,231.4006727149364,224.80833890199816,227.96119990843857,10092162,79.52734420864289,11.465185918198245,11.252258807925983,0.2129271102722612,98.9375974332522,82.15920125155625,222.70642867010264,206.87490590549652,174.20691322542143,166.5247032123336
2024-05-14,235.50894165039062,240.76370505435472,225.95482637045592,227.5790230523602,13855029,89.52771050357542,11.892390651366725,11.380285176614132,0.5121054747525928,123.66088271260769,84.23593092408831,229.15545555567874,212.75246445254436,174.80493562109308,166.5247032123336
2024-05-15,229.77647399902344,235.5089432048203,228.34335669757422,235.5089432048203,10206706,78.10649918318411,11.634278528225934,11.431083846936493,0.20319468128944074,96.8310656855383,89.76023999001853,230.110867466927,213.76449165002748,176.4149832505736,166.89272075207543
2024-05-16,228.15228271484375,231.40067617709724,223.27967794304007,231.20959678139235,11679835,74.90196680180352,11.169904442944869,11.378847966138169,-0.2089435231932999,69.31875987680968,86.82059561359695,230.11086820741207,213.76449165002748,181.47511945083275,170.0668014184385
2024-05-17,233.88475036621094,234.45798854918274,230.15863657398924,230.2541835603629,12979954,76.02996669138071,11.136077101105002,11.330293793131537,-0.1942166920265347,94.71136471458075,84.92623006024385,230.11086820741207,213.76449165002748,181.93513123748716,170.0668014184385
2024-05-20,234.8401641845703,238.75734283052856,233.12042046219727,234.8401641845703,15066884,72.41379666414483,11.058882683736556,11.27601157125254,-0.21712888751598491,107.57158784697205,84.0059768977943,230.49303410513377,217.67459350122002,181.93513123748716,170.0668014184385
2024-05-21,251.9897918701172,258.1999668356367,234.1713726081113,235.50894292316167,56712120,79.76284774608145,12.240437041810765,11.468896665364188,0.7715403764465769,188.65247884770696,84.69584710740031,240.02326473421547,226.43873397503415,185.15521922459115,174.39092087512387
2024-05-22,250.0789794921875,258.677683658108,246.25733319622285,251.98980264016984,19446022,73.73559818937734,12.874234630759844,11.749964258443319,1.1242703723165253,194.98449816551718,85.31420271182797,240.978680800574,226.6775923862698,185.15521922459115,175.17294394998527
2024-05-23,244.10765075683594,254.85603068252834,244.10765075683594,251.0343844867266,11693498,68.9054813336321,12.747739456537971,11.949519298062249,0.798220158475722,149.18644485128593,84.11806087373724,240.978680800574,226.6775923862698,185.33922717289187,177.33500157362818
2024-05-24,237.13314819335938,240.7637150663945,236.36881602349564,239.8083034986707,13610763,60.47042206825952,11.946989591824263,11.949013356814653,-0.0020237649903904753,69.53803973764452,77.86660197865731,240.978680800574,226.6775923862698,187.2022761587165,177.841018878946
2024-05-27,238.75733947753906,241.95797398751918,235.3178666595187,237.61084853819895,10937207,60.530302150362786,11.31303855134982,11.821818395721687,-0.5087798443718672,65.30613927663657,72.76662645444524,240.978680800574,226.6775923862698,188.7893253562881,177.84101932558647
2024-05-28,238.66180419921875,240.2860008919489,234.64907867058454,240.0471480083585,11227166,63.11217438123415,10.679808699130916,11.593416456403535,-0.9136077572726187,51.64352385871734,67.90060971078267,240.978680800574,226.6775923862698,190.0313569348042,178.02502030826128
2024-05-29,239.56944274902344,243.6299417786679,235.8911025025645,238.3751783285398,12323009,62.24737344819314,10.134385437700132,11.301610252662854,-1.1672248149627222,60.068432766521695,64.71533537667565,244.41816011604863,228.14962827216812,190.0313569348042,179.22105298002313
2024-05-30,237.89747619628906,242.43568106348735,237.4197704207945,240.28600507376183,10859064,59.516142992270076,9.45819169946418,10.93292654202312,-1.4747348425589397,50.09245179552214,61.561477745305126,245.89905206015263,229.32266587914583,190.0313569348042,179.22105298002313
2024-05-31,227.5790252685547,244.34650066380857,227.5790252685547,238.37517855569988,25833605,50.61897740433706,7.997500329694049,10.345841299557307,-2.3483409698632585,-10.75297200399084,54.15528129356991,243.12835446333133,230.61246996448855,191.98640786040048,179.22105298002313
2024-06-03,221.8465576171875,226.7191623233098,220.03128151482528,226.43253594440438,23701921,39.71222476020645,6.304653542674572,9.53760374818076,-3.2329502055061887,-110.96880022612464,50.59379590730444,239.35448258646664,230.94686065091577,191.97845320594604,179.22105298002313
2024-06-04,216.87841796875,227.00578604888022,216.87841796875,223.08859293261287,22537588,40.174666499595844,4.51018234393581,8.532119467331771,-4.021937123395961,-130.95993378704208,48.46505500795829,235.86722432563917,233.2876246926554,192.32965789101584,179.5412982190519
2024-06-05,213.2478485107422,218.50261187474464,211.52810485774773,218.21598550284176,17039913,38.98303631871356,2.763241449767378,7.378343863818893,-4.615102414051515,-171.54251180240811,48.03558727064193,227.93730276077815,235.10289425792786,196.1513055429812,183.36294587101727
2024-06-06,207.32431030273438,214.20327067820028,207.32431030273438,214.01219128024192,14536800,30.42252519974329,0.8905326705092307,6.080781625156961,-5.19024895464773,-188.93580362068207,48.60028704374554,225.83540548327147,233.00099698042118,198.3735198976712,184.98713783003564
2024-06-07,203.50265502929688,208.75741842207213,202.54724350333774,208.27971265909258,11688161,27.837820980299014,-0.8916992173377309,4.686285456658023,-5.577984673995754,-187.18753453603816,50.006282338907724,223.44687208357317,230.61246358072287,203.2938838155385,188.66547165816422
2024-06-10,200.06317138671875,203.88481756089428,199.10775984317488,203.502658774846,10564356,4.442564288611649,-2.5522476910720684,3.238578827112005,-5.7908265181840735,-174.61669817112963,51.80695338825234,221.72713025349174,228.89272175064144,205.17993934943456,188.66547165816422
2024-06-11,205.509033203125,207.2287623552126,198.7256052688292,199.58546984487302,39832078,13.180748794681975,-3.38973404051157,1.9129162535872903,-5.302650294098861,-131.95034432178707,51.03367515946569,221.5360529663189,228.7016444634686,206.3759690790381,188.66547165816422
2024-06-12,207.1332244873047,210.19053849518642,203.789284102154,204.84022804757606,19114622,17.09183327022832,-3.87768974984715,0.7547950529004023,-4.632484802747552,-100.00730890851172,48.4437120409098,221.5360529663189,228.7016444634686,207.487968296717,189.19095207235426
2024-06-13,212.0058135986328,214.20326304288437,208.66187322907442,209.71283174801914,17390029,26.76676797567005,-3.827104467655431,-0.16158485121076438,-3.6655196164446666,-69.52034770755813,43.855212001700984,212.86569565885472,228.7016444634686,208.13287033938838,189.19095207235426
2024-06-14,207.80201721191406,216.1140949847059,206.94215262723424,215.92301558571302,16760528,22.68128198222462,-4.079203978637736,-0.9451086766961587,-3.134095301941577,-67.99395553146455,38.83897597963876,212.86569565885472,228.7016444634686,208.300065682602,189.19095207235426
2024-06-20,214.01219177246094,214.01219177246094,209.4262133187949,210.19054549080985,16986728,30.36529630415616,-3.7348326450487264,-1.5030534703666723,-2.231779174682054,-53.078356251313416,35.837569830767144,208.61410857178691,228.7016444634686,211.32642251929445,190.86291893987618
2024-06-21,212.1013641357422,214.4898930111447,210.76379379688612,214.4898930111447,12673695,28.464419206818846,-3.57489454394036,-1.9174216850814099,-1.65747285885895,-48.34050062444079,32.85923857036506,207.41985012676756,228.7016444634686,214.79066728779958,190.9584604479706
2024-06-24,213.2478485107422,214.96759216373667,210.66824032046193,212.57906336191738,11795416,30.51358299421284,-3.3173899328846232,-2.1974153346420526,-1.1199745982425706,-40.76344971166669,29.865054795034386,207.41985012676756,228.7016444634686,220.95396000411154,195.63997661767974
2024-06-25,208.85296630859375,215.1586736601204,208.1841665747938,213.72555636498848,14775327,33.66666409357465,-3.4284251861276402,-2.4436173049391705,-0.9848078811884697,-47.32445075546837,28.950888711142763,207.41985012676756,228.7016444634686,221.93767955847724,195.63997661767974
2024-06-26,207.32431030273438,211.7192093478945,207.32431030273438,208.4708012689081,11930335,36.33093463184165,-3.5982923145076313,-2.674552306852863,-0.9237400076547684,-54.079371931548586,28.704780029111692,207.41985012676756,228.7016444634686,221.93767992871977,195.63997661767974
2024-06-27,214.48989868164062,215.34976326814854,207.8975646426167,207.8975646426167,18628392,47.841112833554924,-3.118759028003609,-2.763393651083012,-0.3553653769205969,-25.97072412533998,25.00291639316321,209.95168954342995,228.7016444634686,221.93767992871977,195.63997661767974
2024-06-28,216.68734741210938,221.75103165861884,215.2542300543288,215.63638885170081,20106926,53.19150743652906,-2.5322198418106154,-2.717158889228533,0.18493904741791756,21.325532857022928,25.51637341460572,214.34659214292654,228.7016444634686,224.0838138031769,195.63997661767974
2024-07-01,212.67462158203125,221.94211090705372,210.4771720525706,218.78924980638612,16177690,55.14706745832296,-2.3639268722147904,-2.6465124858257845,0.2825856136109941,10.028992926431172,22.479634680001258,214.44213176714396,228.7016444634686,233.23099935462483,204.35810750832073
2024-07-02,210.5727081298828,215.06315425549798,207.32431456257603,213.82111627561343,15178385,57.03423149992698,-2.3728080760109833,-2.5917716038628242,0.21896352785184092,-23.046275928209816,20.94838919637029,214.63321060489403,226.79081797567878,233.8281365934219,204.59696591955637
2024-07-03,218.2159881591797,218.4070821283897,211.33702804188727,211.33702804188727,15654136,66.666676006385,-1.743005392021189,-2.422018361494497,0.679012969473308,71.66929478347559,18.770153771518185,214.63321060489403,221.5360529663189,233.8281365934219,204.59696591955637
2024-07-04,224.52171325683594,225.2860454091396,216.87842089064577,218.31153820930643,15984586,67.18480671738561,-0.7266861259253403,-2.082951914380666,1.3562657884553255,180.26314520649564,20.064971256044867,216.305177855937,221.5360529663189,233.8281365934219,204.64296681941715
2024-07-05,219.26695251464844,227.3879507559317,216.97397060730253,224.6172630696868,19056382,60.29174233654788,-0.3413264623959549,-1.7346268239837237,1.3933003615877688,159.92421673639694,21.960234244196922,217.35613052933303,221.5360529663189,233.8281365934219,206.62102283722172
2024-07-08,217.0695037841797,221.65548219352348,216.4007186070391,220.222364851755,11172454,54.499161323595686,-0.21081179325906874,-1.4298638178387928,1.219052024579724,103.17090132510752,23.157387413098412,217.35613052933303,221.5360529663189,233.8281365934219,208.09305879677078
2024-07-09,216.68734741210938,219.36250272898454,215.15868306577394,217.35613259672223,20641129,58.46995155489499,-0.1366397056017945,-1.1712189953913932,1.0345792897895987,74.25324979253244,23.17268729381506,217.3561326592539,221.5360529663189,236.28389419410837,208.09305879677078
2024-07-10,214.68096923828125,217.5472038464784,212.29244039811698,217.35612445494988,11886188,50.6930584102019,-0.23702348320583155,-0.9843798929542809,0.7473564097484493,33.022208709067066,20.969029450080743,217.3561326592539,221.5360529663189,237.61085896964923,208.09305879677078
2024-07-11,220.60452270507812,220.89114908789549,216.30517069808803,216.973970450803,13306910,58.135280908455734,0.15956355999080074,-0.7555912023652646,0.9151547623560653,96.56787882916812,20.971934396426235,217.3561326592539,213.05677801238045,236.87041221390996,208.09305879677078
2024-07-12,219.74465942382812,222.32426772746663,218.98032725797358,220.6045239988998,9900058,56.25001284425163,0.39986843396263794,-0.5244992750996841,0.924367709062322,105.82707942521043,21.718430665619326,217.3561326592539,213.05677801238045,235.1506716186912,208.09305879677078
2024-07-16,219.64910888671875,224.52171360918092,219.1714031130822,221.65547896736157,13588647,61.32263400195619,0.5759623130718694,-0.3044069574653734,0.8803692705372428,108.3886443111161,23.452831284490294,219.36248939890947,213.05677801238045,234.5774245091473,208.09305879677078
2024-07-17,217.54721069335938,219.74466021115563,215.34976117556312,219.64911322317266,11204570,60.59405439595193,0.5396911395353357,-0.13558733806523157,0.6752784776005673,36.96278458488163,21.681950258970343,219.84019557702436,213.05677801238045,231.520098509353,208.09305879677078
2024-07-18,215.5408477783203,221.0822230096081,214.489889260153,218.50261478497015,15502079,51.21950787656014,0.3450714845445191,-0.03945557354328144,0.3845270580878005,22.26003984111525,20.968318655674537,219.84019557702436,213.05677801238045,229.41820123184633,209.28910358811405
2024-07-19,215.15867614746094,216.8784198371849,212.96122668717047,215.44530252548546,13398852,48.14813308642513,0.15817263347696553,7.006786076795002e-05,0.15810256561619757,-22.80891350953081,19.06382693024446,218.40707700364896,213.05677801238045,227.02966783214802,211.77316376759146
2024-07-22,218.78924560546875,220.0312835398744,215.25422577556287,216.20963732842517,17419730,57.47662016945573,0.299557448994733,0.05996754408756097,0.23958990490717205,36.87528647718758,19.46367787180822,218.40707700364896,213.05677801238045,225.3099260020666,215.5452748353836
2024-07-23,219.74465942382812,221.84656194611048,214.68097522576826,219.26695364247198,21966361,61.538458585262156,0.4831306153351136,0.14460015833707152,0.3385304569980421,48.341329761072764,20.835629725320473,218.40707700364896,215.58861742904287,225.11884871489374,216.4652984086924
2024-07-24,214.48989868164062,219.3625035476487,214.48989868164062,219.07587715933818,11622505,45.01281143761363,0.2022667905516755,0.1561334847799923,0.0461333057716832,-20.449750377421804,21.819769433250254,218.7414701481757,217.16505169158296,225.11884871489374,216.4652984086924
2024-07-25,209.23512268066406,215.3497505714696,209.0440432925307,214.48988603565792,10856601,28.947375057158993,-0.4392726596050238,0.03705225590298908,-0.4763249155080129,-158.392049355853,19.94003639265641,216.7828784508558,217.16505169158296,220.78367006116167,216.4652984086924
2024-07-26,212.1013641357422,213.0567756859032,208.47079732944573,210.57269982411526,12809977,39.43662795562702,-0.708251284711821,-0.11200845221997292,-0.5962428324918481,-151.4503777356666,18.71601058337547,216.49625546931333,217.35613052933303,220.78367006116167,216.4652984086924
2024-07-29,208.08863830566406,212.77014906479477,208.08863830566406,211.05040536076316,7577409,37.43316992347636,-1.231021769064256,-0.3358111155888296,-0.8952106534754264,-159.0516860137096,17.949079853321688,214.96760012588726,217.35613052933303,218.65787651762776,216.8333143052938
2024-07-30,208.18417358398438,209.99946429932288,206.08227106270817,208.66187936511184,7549113,38.00538619426115,-1.6189499979180653,-0.5924388920546768,-1.0265111058633885,-165.2077572120347,18.79477855074798,213.96441650440931,216.73511090931993,218.06074729511806,220.51341137708232
2024-07-31,205.509033203125,208.8529736763986,204.26699525451014,207.4198563307099,9789673,37.30161010375173,-2.1178343101892665,-0.8975179756815947,-1.2203163345076717,-182.9583172928663,20.735194998507303,213.0567786003103,215.82747300522092,218.06074729511806,221.70945375442096
2024-08-01,208.75743103027344,210.85933359864634,207.9930988476586,208.27972523844213,8785135,32.28573319005149,-2.2254317730772186,-1.1631007351607197,-1.062331037916499,-108.13481355017929,20.06359147771846,213.0567786003103,215.82747300522092,218.06074729511806,222.72148095190408
2024-08-02,199.48992919921875,206.27334227502462,196.81477401536415,205.89118349665523,13252646,25.799091919454156,-3.0236586291211154,-1.535212313952799,-1.4884463151683165,-200.83593301396874,24.6488567097958,209.3306679807373,212.10136238564792,218.06074729511806,222.72148095190408
2024-08-05,187.35621643066406,193.3752977142563,184.68106109438764,186.11417846256177,19206062,20.035475804215935,-4.582523895261062,-2.1446746302144515,-2.4378492650466104,-278.81886188800735,30.841754302289452,202.02178232101818,206.0345059251597,219.32666700344927,222.72148095190408
2024-08-06,184.01226806640625,193.08867767820715,183.63009470411865,192.99313069302946,15131325,19.584064525772106,-6.018388302117643,-2.91941736459509,-3.098970937522553,-231.70419964187073,36.34471007269121,199.4899226377941,205.50902273002518,221.52411830319755,226.63158280309665
2024-08-07,185.636474609375,188.31162997355352,184.10781023600902,185.44539520731024,15072541,22.687626732445594,-6.945201337655988,-3.7245741592072696,-3.220627178448718,-191.09965548278595,41.04394121099537,198.34343519501093,205.50902273002518,221.57188811530628,226.6775923862698
2024-08-08,187.2606658935547,188.40715685068767,184.0122724186073,185.34984277219186,15346707,25.0853326036501,-7.462624196531777,-4.472184166672172,-2.990440029859606,-152.25302834508412,45.132993402840974,198.2001218844567,205.50902273002518,220.7120142902864,226.6775923862698
2024-08-09,177.6110076904297,184.68106216132108,177.6110076904297,184.48998276014538,20692256,16.795069640782557,-8.552741629842899,-5.288295659306318,-3.264445970536581,-160.41996658733686,49.62203533346457,194.23517064453802,202.49947922318069,218.08463178560646,226.6775923862698
2024-08-12,177.8976287841797,180.76386345173924,176.4645114503999,178.56641395759223,14909551,15.887844422458883,-9.286490738151144,-6.087934675075283,-3.198556063075861,-140.54205736412814,53.651713915501496,193.6619225245231,201.9262311031658,218.92061541112793,226.6775923862698
2024-08-13,177.99317932128906,180.47724066899906,174.1715330216518,177.89763233242866,15090786,17.517013223528835,-9.747914176308115,-6.81993057532185,-2.9279836009862645,-123.82532276687158,57.41830377384166,192.5154333101491,199.34662331541637,219.44609174782596,226.6775923862698
2024-08-14,174.36260986328125,179.90399983215516,174.36260986328125,179.1396676677547,11380860,18.038537713855604,-10.28795900141398,-7.513536260540278,-2.774422740873703,-113.21396856760097,60.65877226965074,190.2224376483382,199.34662331541637,219.44609174782596,226.6775923862698
2024-08-15,177.419921875,177.99317463622614,173.02503749315173,174.93586059267443,15866835,18.324598574101543,-10.349941208167053,-8.080817250065632,-2.269123958101421,-99.88842476433001,63.64775956200345,183.20016760370402,198.77337555116634,219.4460928127864,228.14962827216812
2024-08-16,173.3116455078125,178.85303529101228,173.3116455078125,178.1842501364795,12025752,18.292671050782744,-10.608280468297181,-8.586309893711942,-2.0219705745852394,-93.41603980133273,64.96648924655194,183.05685758567944,198.77337555116634,219.4460928127864,228.7016444634686
2024-08-19,176.9422149658203,177.3243883303289,172.16515724763713,173.88490094186773,14161043,23.24059317663375,-10.400172860999135,-8.949082487169381,-1.4510903738297536,-84.07611486399772,66.3711977283768,180.2861570491624,198.343435428409,215.20645533581717,228.7016444634686
2024-08-20,177.3243865966797,179.99952722996963,175.7957223104371,176.5600544535584,15487608,24.872239612454038,-10.088118476056025,-9.17688968494671,-0.9112287911093144,-68.49370044240843,63.69214510642223,180.2861570491624,198.343435428409,215.20645533581717,228.7016444634686
2024-08-21,182.48361206054688,185.92309958520417,176.94222197234288,177.3243953519847,22414696,27.3476232962512,-9.317104963942484,-9.204932740745866,-0.11217222319661779,-44.39590635094613,55.549182360618275,179.04412841642065,197.0058595968738,216.20963370564496,228.7016444634686
2024-08-22,184.39442443847656,186.0186211162915,179.71291379446473,183.91671867568257,15932609,35.094341328327104,-8.454427236680289,-9.05483163993275,0.6004044032524618,-31.759962295685245,48.41638336254369,179.09188918196432,197.0058595968738,216.4484867947024,228.7016444634686
2024-08-23,176.9422149658203,185.15876007246467,176.464509194002,184.39442792187072,17121464,38.669428314907584,-8.276671627821457,-8.899199637510492,0.6225280096890344,-51.185238693985006,44.56062197073706,179.09188918196432,197.0058595968738,216.4484867947024,228.7016444634686
2024-08-26,173.98045349121094,178.85304377252132,172.83394793944504,178.18425858627367,14572704,38.99371911496407,-8.279349241330294,-8.775229558274452,0.4958803169441577,-76.71613316585758,43.223815238086075,179.09188918196432,197.0058595968738,215.7319275080147,228.7016444634686
2024-08-27,177.2288360595703,178.66195333228922,173.21611061164197,173.88489575655956,11976785,41.09309587753219,-7.927965294992788,-8.60577670561812,0.6778114106253312,-64.60128323722006,42.27106507824401,179.09188918196432,197.0058595968738,215.7319275080147,228.7016444634686
2024-08-28,177.80209350585938,179.99952838611563,176.84668196542685,177.80209350585938,9228825,39.75155484882362,-7.516587360751004,-8.387938836644697,0.8713514758936931,-44.008001952727675,39.90658544784298,179.09188918196432,195.76383039764292,216.99784721634592,228.7016444634686
2024-08-29,177.99317932128906,179.61737608295016,175.12694459656112,177.89763233242866,13911609,50.52084286458169,-7.093380283282244,-8.129027125972208,1.0356468426899639,-45.89049633122137,38.98181666121183,179.09188918196432,193.75745390955336,217.9532609198793,228.7016444634686
2024-09-02,184.10780334472656,184.489976712975,178.94858678997124,179.04411919821584,15037816,57.303371189771724,-6.193195268771461,-7.741860754532059,1.5486654857605977,47.454521622423364,34.13235193641967,179.4262845278683,192.61096646677015,216.97396507121937,228.7016444634686
2024-09-03,185.82754516601562,187.26066248092064,184.10780147244498,184.9676806084419,18722957,58.874451691274665,-5.280157003638578,-7.249520004353363,1.969363000714785,114.89654028067984,31.86878670742668,180.04730521018286,192.46765315621593,216.92619299932318,228.7016444634686
2024-09-04,183.43902587890625,185.92310185238603,179.9040059000496,183.43902587890625,17519010,60.57907916453247,-4.6951780552424225,-6.738651614531175,2.0434735592887527,72.05878807772663,28.569839406908986,180.04730521018286,191.51224542314174,216.16186532761014,228.7016444634686
2024-09-05,179.80845642089844,184.8721407100364,178.661965440707,184.2988879307288,15159526,52.747260461738435,-4.472972989129374,-6.285515889450815,1.812542900321441,39.50650459609536,26.527987077409076,180.04730521018286,191.51224542314174,215.34976370686462,228.7016444634686
2024-09-06,178.1842498779297,180.66832568078743,178.1842498779297,179.33074079523982,11081049,55.94406531619991,-4.377472983618048,-5.903907308284262,1.526434324666214,0.16937823802940766,25.08749110683253,180.04730521018286,191.51224542314174,214.44212580276562,228.7016444634686
2024-09-09,170.73204040527344,177.70654760883158,170.73204040527344,177.0377624421174,13813350,43.07035920599008,-4.847243558502072,-5.692574558327825,0.8453309998257534,-139.07994176840955,27.645003845399195,178.99635144309704,188.50269134014903,214.44212580276562,228.7016444634686
2024-09-10,169.39447021484375,172.64286364358242,167.77027350047442,171.3052933090249,14048259,41.33610918374594,-5.266758940812963,-5.6074114348248525,0.3406524940118896,-183.06291878838823,30.860521258383393,177.51546799069752,180.57278560736535,210.7160151831926,227.74622883673607
2024-09-11,164.61741638183594,170.34988580027417,164.61741638183594,168.63014205905796,13315042,30.315770361665756,-5.916494558181796,-5.669228059496241,-0.24726649868555484,-211.40258818579082,34.558874989008665,175.9390394313783,178.85304703002154,204.02814412308894,221.6793723762478
2024-09-12,166.050537109375,167.67473389523954,160.79577336906834,167.101481110382,18687445,29.574470181786424,-6.243799219642227,-5.7841422915254395,-0.4596569281167877,-198.030074907596,38.677328101977444,174.0282179249945,174.601465109878,202.49947268390963,221.1538891811133
2024-09-13,167.3881072998047,167.67473369188585,164.04416674184685,166.52824270198508,15656892,37.684727707582645,-6.322379332722022,-5.891789699764756,-0.4305896329572665,-146.44116907641566,42.246654357275936,174.0282179249945,174.601465109878,201.92622896251805,221.1538891811133
2024-09-16,164.33078002929688,168.63013183238894,164.33078002929688,167.4836409339156,11792989,37.592112331623625,-6.555784396369546,-6.024588639085714,-0.5311957572838324,-133.06035354911324,44.1888331839284,173.35943761072718,174.0282179249945,201.85457230724094,219.2430626933235
2024-09-17,170.06326293945312,171.68745972599908,164.80849919694194,165.2862049917157,18063565,41.33951219044395,-6.206649733786122,-6.061000858025796,-0.14564887576032604,-82.9545917092959,42.49402756073112,172.8339570395524,174.0282179249945,198.36732493385935,210.97875417711913
2024-09-18,170.63650512695312,172.26070181262628,169.10784084724725,170.06325237745767,12397920,41.33949055392854,-5.816651407872797,-6.012130967995197,0.19547956012239975,-55.220365051858785,40.433148229852286,170.7320495249279,174.0282179249945,197.79407681384447,210.40550605710422
2024-09-19,177.6110076904297,178.47088686335607,172.9294967587179,173.3116555610693,17299859,49.60316730983371,-4.888439963328608,-5.787392767061879,0.8989528037332715,13.569264015860364,36.4651385924748,169.63333011621222,174.0282179249945,195.93102831278273,209.2590168427302
2024-09-20,177.419921875,179.42629196086818,176.27343093097102,177.8020952419585,14589149,42.08144943529129,-4.120743369964117,-5.454062887642327,1.33331951767821,34.797636433096194,33.62238122309705,170.11103266496826,174.0282179249945,194.78453048187728,209.2590168427302
2024-09-23,176.8466796875,180.28615244169998,176.36897392343698,178.47087636962968,11754725,39.06977279716653,-3.518040363111993,-5.06685838273626,1.5488180196242674,37.923630016612556,31.71771848899284,170.54096290538416,174.0282179249945,190.98677157743518,208.68576907848015
2024-09-24,182.1014404296875,185.3498337464521,176.56005073189252,177.22883587611784,23900391,48.478250755666714,-2.58656233143671,-4.57079917247635,1.9842368410396398,74.90846969246023,32.77040392332986,173.0728035577602,174.0282179249945,190.9151165684229,208.68576907848015
2024-09-25,178.94859313964844,182.86577189883144,178.3753403561466,182.48361309544615,12766977,49.01099711119613,-2.0788045425040593,-4.072400246481892,1.9935957039778325,55.774385665346415,35.842809353946954,174.69700024414948,174.0282179249945,189.3147962387857,199.7765540017844
2024-09-26,178.1842498779297,183.05685449952645,177.32438533455283,180.38169930685416,16879301,50.0,-1.7182717823947655,-3.6015745536644665,1.883302771269701,48.18445864663502,37.0110076872655,174.84030688787448,174.0282179249945,189.3147962387857,199.7765540017844
2024-09-27,178.85304260253906,179.90400115864165,177.2288458527271,178.66196320463592,11186074,61.333336172605,-1.362870664307252,-3.1538337757930237,1.7909631114857718,37.235825351321765,37.879045510621246,175.07916647169702,174.0282179249945,188.0249940066472,199.7765540017844
2024-09-30,179.80845642089844,180.66833558985985,175.89127769037572,178.27980664011778,11601062,64.69002034029639,-0.9926758579102568,-2.7216021922164706,1.7289263343062138,41.95546752526913,36.56603233939335,177.2288372968497,174.0282179249945,188.04887438941904,199.7765540017844
2024-10-01,175.50909423828125,181.43264277798366,173.21611240950062,180.57277823679664,18172152,65.57373687037702,-1.034293709541231,-2.384140495681423,1.349846786140192,24.26034174253274,32.024134578253424,179.13966525258502,174.0282179249945,188.04887438941904,199.7765540017844
2024-10-02,166.910400390625,176.1778898165041,166.81486797951882,175.31802522442953,14898771,51.0203992942383,-1.7410491571045554,-2.2555222279660496,0.5144730708614942,-54.29403245850004,32.27330213149262,176.08235086298546,174.0282179249945,188.04887438941904,199.7765540017844
2024-10-03,163.85308837890625,170.44542254645475,162.51551797861129,166.91040256416898,13596828,45.9695049751616,-2.518822056761593,-2.3081821937251585,-0.21063986303643434,-99.28813088875799,34.391260123434506,173.9326758625317,174.0282179249945,188.04887438941904,199.7765540017844
2024-10-04,168.43905639648438,168.82121517879818,164.0441575077602,164.80848965081088,11270906,54.52632308034744,-2.7336515572927738,-2.393276066438682,-0.3403754908540919,-72.56465712743515,35.5554665945007,173.9326758625317,174.0282179249945,187.42785978980362,199.7765540017844
2024-10-07,169.49000549316406,172.45178717067807,168.43906152061845,169.39447308389092,9584331,49.295761447039744,-2.7869761490588303,-2.472016082962712,-0.3149600660961185,-31.42322878801258,32.55293277799506,172.78618623906885,174.0282179249945,186.42467154575883,199.7765540017844
2024-10-08,171.1142120361328,173.12056751593548,168.4390568179728,169.39446835457116,13893796,50.57208380158795,-2.6674279295041003,-2.5110984522709896,-0.15632947723311075,-22.633653611428763,29.306136063535842,172.78618623906885,174.0282179249945,186.01862549731922,199.7765540017844
2024-10-09,174.64923095703125,174.64923095703125,168.63013539003109,171.0186642199182,10811473,46.134661454547626,-2.2613709440889522,-2.461152950634582,0.19978200654562972,-4.6228937776904315,25.76745786655232,171.97408037829746,173.35943761072718,186.2574791831994,199.7765540017844
2024-10-10,171.20974731445312,177.61100180134616,171.1142149062448,174.45815534042717,13187608,42.52873478816699,-2.1918392837660576,-2.407290217260877,0.21545093349481936,-1.4690580147663037,25.095738787499787,171.97408037829746,173.0728035577602,185.7797753166623,199.7765540017844
2024-10-11,167.29257202148438,173.59827964710158,166.14606647280522,170.9231243308896,12526934,39.361707188609685,-2.4248659062140803,-2.410805355051518,-0.01406055116256244,-67.07421825354409,23.225579351232266,171.97408037829746,173.0728035577602,185.7797753166623,199.7765540017844
2024-10-14,164.71295166015625,168.0568922124784,164.52187225856545,167.57918641928953,9606163,29.411764705882348,-2.7855845035518314,-2.485761184751581,-0.2998233188002506,-115.13588466315237,22.676401507491818,170.06325988997872,173.0728035577602,185.7797753166623,199.7765540017844
2024-10-15,172.4517822265625,173.2161143709521,163.47091962064815,165.09511631596163,21296709,43.06121191794605,-2.419111627182275,-2.47243127323772,0.053319646055444814,-57.840840681991374,21.05685048271827,170.06325988997872,173.0728035577602,183.74952139162303,199.05999558060256
2024-10-16,174.07598876953125,174.07598876953125,168.2479868180136,172.06963317773295,17886587,45.69139148856224,-1.9748544456624302,-2.372915907722662,0.39806146206023163,-23.15476333993999,20.198002210323377,170.54096071099715,173.0728035577602,179.04412679903143,197.57911212820306
2024-10-17,173.88490295410156,176.1778848539951,172.54733260890092,173.69382355884767,15274000,44.73684210526315,-1.6195275514499485,-2.2222382364681192,0.6027106850181707,10.085611166435466,20.75268501909081,170.54096071099715,173.0728035577602,177.39604323069992,196.0026835688838
2024-10-18,168.63014221191406,176.75114056206291,168.1524364266112,173.9804528386757,13253444,39.14656672847617,-1.7418645732932703,-2.1261635038331494,0.3842989305398792,-33.04086081786253,18.31712934069172,170.54096071099715,173.9326758625317,174.31484151743626,194.0918620625
2024-10-21,163.0887451171875,168.53458791789055,162.70658633688038,168.53458791789055,10761794,38.224636632869284,-2.2599111298918615,-2.1529130290448917,-0.10699810084696981,-123.602718995514,19.272712684405455,170.15879406911327,173.9326758625317,174.31484151743626,194.0918620625
2024-10-22,167.0059356689453,169.10783808539563,162.41995748314832,163.85307475505846,17215919,50.099397455514044,-2.327551651532332,-2.1878407535423796,-0.13971089798995218,-94.7490432133104,19.63496538359768,170.01547964224724,173.8848956148002,173.69382776786085,194.0918620625
2024-10-23,162.3244171142578,166.91039548691137,161.17792616570028,166.43268971014376,21207602,48.46152593997213,-2.727476028672669,-2.2957678085684377,-0.43170822010423127,-130.96976228021163,20.625908362786568,168.9645333638816,173.2638799560762,173.43108748227343,194.0918620625
2024-10-24,165.95498657226562,167.10147753905377,163.75753704850786,164.33078982111374,13430353,47.45098186582691,-2.7201066690563778,-2.3806355806660258,-0.339471088390352,-87.05940220999834,21.291212962171397,168.9645333638816,173.2638799560762,172.38013372496118,194.0918620625
2024-10-25,165.19065856933594,165.76391135640492,162.70659717502633,163.47092936497697,11880762,45.56213781971722,-2.7443066220801313,-2.453369788948847,-0.29093683313128427,-98.06554402156019,22.538115708579554,168.9645333638816,173.2638799560762,171.83077402060337,192.65874348912462
2024-10-28,164.71295166015625,166.14606903972287,164.6174192485728,165.19065745334512,4545195,43.232323036781146,-2.770100223362846,-2.516715875831647,-0.253384347531199,-78.2103613289354,23.13842770301522,168.9645333638816,173.2638799560762,172.0696252949814,192.65874348912462
2024-10-30,165.28619384765625,166.43268476212882,163.4709177812766,164.80848808509077,13838824,39.439655469138295,-2.7130120701129954,-2.555975114687917,-0.15703695542507834,-72.55012533168738,24.506369004090487,168.9645333638816,173.2638799560762,172.2845904151893,192.65874348912462
2024-10-31,161.4645538330078,166.3371586262017,161.17792744898048,164.9040412844886,13884579,39.10257175900726,-2.942227540158541,-2.633225599782042,-0.30900194037649875,-105.59711685538113,27.178654309862953,168.9645333638816,172.11739033261335,173.55051074137737,192.65874348912462
2024-11-01,160.03143310546875,164.04415866168242,159.84035371296775,162.13333557982608,16654027,41.4027072476797,-3.2026056725602245,-2.747101614337679,-0.45550405822254536,-128.8937522634894,30.243408380552403,164.4740958991817,171.4486041062471,174.362609084572,192.65874348912462
2024-11-04,154.87222290039062,159.93589261005022,154.0123437316083,159.93589261005022,14780508,39.019202544447815,-3.7816696311425915,-2.954015217698662,-0.8276544134439296,-190.7337781547169,35.141317254587996,161.56009090850196,167.72249325479598,174.43426240643447,192.65874348912462
2024-11-05,154.49005126953125,157.06965964821927,154.29897186711435,156.59195385296505,12216333,26.020426455633498,-4.222742895386574,-3.2077607532362444,-1.0149821421503296,-180.7076303459344,39.30023010983021,160.55691063533104,167.72249325479598,174.55369219834574,191.3211676575894
2024-11-06,157.3562774658203,158.50276839626687,153.05692554282837,154.9677486197137,17040047,28.395050044146743,-4.291545865726874,-3.4245177757343708,-0.8670280899925036,-148.37902118002225,40.66000946367704,160.07920154094109,167.24478416040603,175.6285276109221,191.3211676575894
2024-11-07,157.0696563720703,158.12061493107834,154.29896864875622,156.78304456363506,13822357,28.325115789092735,-4.319409181982394,-3.6034960569839756,-0.7159131249984183,-130.92325588314858,42.47917108015825,159.7448051524786,165.33396367208726,176.58394158878974,191.3211676575894
2024-11-08,163.75753784179688,164.52187001616616,154.39451608565,154.87222187232783,22914158,43.94298575554344,-3.7585091651447726,-3.634498678616135,-0.12401048652863755,-55.01862548177465,37.45827005256219,159.7448051524786,165.33396367208726,175.05528439398998,191.3211676575894
2024-11-11,168.63014221191406,169.77663318095625,163.5664579720189,164.42633713261824,22211933,57.00484489507614,-2.8875277872125196,-3.4851045003354124,0.5975767131228928,50.44442434897603,36.48618347595246,161.4167793618923,165.33396367208726,173.9804468937631,191.3211676575894
2024-11-12,167.3881072998047,169.2989304757806,165.95498991782276,167.29257488806022,14456258,50.51814436214415,-2.2713083782633703,-3.242345275921004,0.9710368976576338,51.724182601829824,35.37615355899174,161.4167793618923,165.33396367208726,173.9804468937631,190.07913845835853
2024-11-13,174.74476623535156,178.1842536382911,163.94862740955028,166.6237680802552,35821198,65.70049054629791,-1.1757755544190047,-2.8290313316206044,1.6532557772015997,122.72566303808908,38.06795457321868,165.62058959055975,165.62058959055975,173.4072020820317,188.07276197026897
2024-11-14,176.7511444091797,179.9040055764877,174.55369483327266,176.4645180160746,23343661,64.2317528298084,-0.14400000558120496,-2.2920250664127244,2.1480250608315195,184.45587949732732,40.86595335067011,166.48046555965803,166.48046555965803,173.4072020820317,186.92627452748576
2024-11-15,177.419921875,179.04411859390964,175.98680455035796,176.84668369219716,15622156,66.16162003172404,0.7193619459734464,-1.6897476639354903,2.4091096099089366,181.83062957591815,43.03188727871512,166.48046555965803,166.48046555965803,172.66675899451232,186.78296121693154
2024-11-18,180.28616333007812,181.81482769877263,175.31802599945678,177.70655496402702,17369049,69.35868244891394,1.6162333124572967,-1.0285514686569328,2.6447847811142298,183.02472062362972,45.76641921332392,167.4358766208005,167.4358766208005,172.52344196802883,185.82755348385734
2024-11-19,177.51547241210938,181.62374507394384,174.64923770549325,181.43265109743055,21040462,64.41443223764719,2.0794679188108773,-0.4069475911633708,2.486415509974248,138.97492254889116,47.262305578176374,168.0568981737644,167.4358766208005,172.52344196802883,185.82755348385734
2024-11-20,175.41357421875,180.8594173804512,173.9804568299642,178.37534140851957,19112334,67.13617153210922,2.2510305845029848,0.12464804396990031,2.1263825405330845,107.39900414464495,47.633460673282464,168.10467189221131,167.4358766208005,171.56803172386947,185.82755348385734
2024-11-21,180.1906280517578,181.43265143083497,175.89127598393307,176.2734347808147,25079652,72.88505756285214,2.7408685276697327,0.6478921407098668,2.092976386959866,114.32840994654994,48.23412335081388,172.69064283539575,167.4358766208005,171.56803172386947,183.53455782204648
2024-11-22,185.636474609375,185.73200702119544,178.37534070352245,180.3817108712623,28760624,84.69828402199855,3.5278362310129125,1.2238809587704762,2.3039552722424363,129.0637911603824,50.45253443245289,174.84031721537286,169.3944662820119,171.80688213437867,177.08553554166232
2024-11-25,186.9740447998047,189.74474715122756,186.9740447998047,187.45175059366133,17524750,85.86499859327907,4.210903862999686,1.8212855396163183,2.3896183233833677,141.91809636711912,53.41826399707375,176.84668728038892,171.40083634702796,171.80688213437867,176.94222552363775
2024-11-26,189.17149353027344,189.55365233229838,186.97404397257034,187.26067036330096,18921134,85.65312821256428,4.873378358149239,2.4317041033229025,2.4416742548263364,127.0777233538347,55.988561733262635,181.86260199059586,171.40083634702796,172.23681828676445,174.601465109878
2024-11-27,190.60459899902344,192.8975808247854,187.5472850385332,191.6555575065777,20185663,86.63884593301819,5.45119581073763,3.035602444805848,2.415593365931782,122.96788305419999,58.93747133411834,183.4390188273748,172.97725318380688,172.04573496582248,174.601465109878
2024-11-28,192.0377197265625,192.0377197265625,189.55364388878,190.12689664470614,10956551,84.90567743422733,5.956102923529528,3.619702540550584,2.336400382978944,115.44868502794625,61.31086188122078,183.4390188273748,172.97725318380688,171.95018762852374,174.0282179249945
2024-11-29,191.5600128173828,198.5345199403836,187.0695815173981,192.6109713375257,37305267,81.74604381777606,6.245701928847552,4.144902418209978,2.1007995106375743,112.3913140745599,64.46125671823714,186.2574883851739,175.79572274160597,171.1142066599789,174.0282179249945
2024-12-02,185.82754516601562,187.73836825255563,184.87213362274562,186.59187731631627,18238574,72.70589048760901,5.944128779299888,4.50474769042796,1.4393810888719276,68.47529284825043,64.2092216024318,186.2574883851739,175.79572274160597,171.1142066599789,174.0282179249945
2024-12-03,186.0186309814453,190.1269036750328,184.3944342174941,186.49633676957353,25961100,66.8571616311139,5.655357473286301,4.734869646999629,0.9204878262866725,69.19783329445447,64.64809813234483,187.21289796215834,175.79572274160597,171.1142066599789,174.0282179249945
2024-12-04,189.74473571777344,193.56638183834554,186.30524837788937,186.30524837788937,28199447,68.47826653033519,5.661902754113385,4.92027626842238,0.7416264856910049,85.2560417665128,65.80648386896202,188.45493032195304,175.79572274160597,171.1142066599789,174.0282179249945
2024-12-05,189.45811462402344,190.79568497213808,187.73837090614506,190.5090585894211,11036764,67.30771171444705,5.579643354073482,5.0521496855526005,0.527493668520882,73.27964304161229,68.99393058583917,191.46447707893884,175.79572274160597,171.1142066599789,174.0282179249945
2024-12-06,191.08230590820312,193.08867595160845,190.3179737688857,192.03771743774413,19453142,66.09687024512408,5.581174543616953,5.157954657165471,0.42321988645148245,86.27811586264916,71.96010148025115,191.46447707893884,175.79572274160597,170.5409618482475,174.0282179249945
2024-12-09,191.7510986328125,193.8530011650934,190.9867664633221,192.3243514045362,22031704,72.64438634287285,5.572122051420536,5.240788136016484,0.331333915404052,86.99979699290155,74.59389365462559,191.46447707893884,175.79572274160597,167.9613500027144,173.5505080969442
2024-12-10,186.68740844726562,192.41987766769452,186.68740844726562,191.94217189932544,20582650,66.38886153130875,5.09758857918402,5.212148224649992,-0.11455964546597208,43.951164320626084,70.23947001388572,191.46447707893884,175.79572274160597,164.64129208164897,170.63650310626446
2024-12-11,186.496337890625,189.3625726366236,186.30525848990985,188.12053466433946,17681855,60.576918647120046,4.652468822011059,5.100212344122205,-0.4477435221111463,23.696884690467037,65.97475320085908,191.46447707893884,175.79572274160597,164.1397019450635,170.63650310626446
2024-12-12,187.2606658935547,190.03135358816135,186.68741312577646,187.7383716738954,12773141,53.23192507877671,4.311680718225972,4.942506018942959,-0.6308253007169871,27.45869227906894,62.68841707883877,189.12371769129373,176.41674429456992,163.66199285067356,170.1587940118745
2024-12-13,188.02499389648438,188.21607328870707,185.54091806232,186.78295597940217,11832160,52.14007177591002,4.056517563434568,4.765308327841281,-0.7087907644067135,10.095841746642181,58.15139407034064,189.12371769129373,176.4645180130168,162.5393844122829,170.1587940118745
2024-12-16,185.636474609375,189.0759475818126,185.636474609375,188.78933576792738,10449748,42.857142857142854,3.619838139330767,4.536214290139179,-0.9163761508084116,-5.889796208567693,54.90395437221413,189.6969596137067,181.05048895620126,162.5393844122829,170.1587940118745
2024-12-17,185.34983825683594,186.97403495474217,183.72564155892974,185.73199704042923,15002018,38.86640173494499,3.2135930907354293,4.271690050258429,-1.0580969595229996,-49.755892219292676,49.31005629373109,188.78932136201155,181.24157367496696,163.3753715169898,170.1587940118745
2024-12-18,181.0504913330078,185.5409227670072,181.0504913330078,185.34984336993938,14099779,29.24187746446472,2.515719943744415,3.9204960289556263,-1.4047760852112114,-139.10970390371972,44.03693287433546,187.4517462490506,181.24157367496696,163.3753715169898,170.1587940118745
2024-12-19,176.46450805664062,180.57278058348388,176.46450805664062,178.66195750852637,12101272,25.31249329346595,1.5744506362350421,3.45128695041151,-1.876836314176468,-256.193446613747,42.890596555301535,185.158754610867,186.2574883851739,165.62058959055975,170.1587940118745
2024-12-20,173.88490295410156,178.0887079633808,173.88490295410156,177.13329640868795,11749326,28.222993995048455,0.6132660066592166,2.8836827616610514,-2.270416755001835,-265.5092703521119,43.23905936900937,183.15239031089806,186.20971144724257,166.48046555965803,170.1587940118745
2024-12-23,172.4517822265625,175.60464321065518,172.4517822265625,174.8403110662656,10143177,26.333318249694557,-0.2611106814635207,2.254724073036137,-2.5158347544996578,-225.19103825254174,44.20121490870302,181.2415679073619,185.49315108347304,166.48046555965803,169.4900136976072
2024-12-24,171.9740753173828,174.26705715691205,170.54095802307128,173.02503383124713,13498842,15.037573670331568,-0.9812956956086225,1.6075201193071853,-2.588815814915808,-188.62880071257206,45.84519708296168,180.28615580561632,184.53773898172744,167.4358766208005,169.20337964464022
2024-12-25,176.2734375,177.22884908536585,175.22247892472802,176.4645169013884,13099229,27.59741084683644,-1.191391293882674,1.0477378366692134,-2.2391291305518877,-111.58296338821877,43.51584076468427,179.80845280244193,184.53773898172744,167.74638739728246,169.20337964464022
2024-12-26,176.46450805664062,180.2861542065556,175.31801712735074,177.7065459710476,18608130,23.890785168969998,-1.327176902896582,0.5727548887560543,-1.8999317916526364,-84.10590555159177,38.47699096750448,179.80845280244193,184.53773898172744,167.7702742565059,169.20337964464022
2024-12-27,175.31802368164062,177.03776742907985,174.17153270948901,176.46451465379224,15776523,21.140934201979533,-1.509894559213535,0.15622499916213645,-1.6661195583756716,-92.72201400788713,35.00157171438017,178.75749648890672,184.53773898172744,170.06325972809813,169.20337964464022
2024-12-30,172.35623168945312,175.98679836666275,172.35623168945312,175.41356020400195,14509645,22.826075634988328,-1.8721109496168538,-0.24944219059366163,-1.622668759023192,-100.51758055184261,33.329282456388185,178.04094039503923,184.53773898172744,172.1173917486924,169.3944662820119
2024-12-31,170.63650512695312,173.59827212355168,170.63650512695312,172.64286059334125,19359008,21.575333474810805,-2.2717502866893255,-0.6539038098127945,-1.617846476876531,-106.27315274796005,33.03197001630418,175.55686930327758,184.53773898172744,174.12376181370843,171.40083634702796
2025-01-02,176.6555938720703,176.75114086066174,171.30529781469366,171.4963772134529,21369623,34.005753210291346,-2.0788139097232374,-0.9388858297948832,-1.1399280799283542,-65.69314744939396,29.440009645405514,175.41355611481345,184.53773898172744,176.6317191688119,171.40083634702796
2025-01-03,178.1842498779297,179.1396614054253,176.75113258668628,177.13329136631535,22250857,35.49294558057865,-1.7820186747698301,-1.1075123987898725,-0.6745062759799576,-29.43426043765836,26.723919741727396,175.41355611481345,184.53773898172744,178.20813600559086,172.97725318380688
2025-01-06,178.85304260253906,180.2861599544479,178.27980440882968,178.85304260253906,24710289,39.46586088630468,-1.4758279038287299,-1.181175499797644,-0.29465240403108584,-12.079682670857078,25.259219045559583,175.41355898875958,184.53773898172744,178.20813600559086,172.97725318380688
2025-01-07,177.419921875,179.999530143671,177.1332954943869,178.85303919964204,19953547,38.108879505661434,-1.333439319062279,-1.211628263650571,-0.121811055411708,-17.234423868623708,22.785720896316164,175.4613325407005,182.19697959408234,181.02660556338992,175.79572274160597
2025-01-08,178.08871459960938,179.61737897545086,176.46451781179275,177.03777059733926,21663919,45.016076179677306,-1.1533344347999162,-1.19996949788044,0.0466350630805239,-13.427609678828636,19.932116063719285,175.4613325407005,182.19697959408234,181.02660556338992,175.79572274160597
2025-01-09,178.1842498779297,179.71291415329185,176.75113258668628,178.66195564167748,24983432,53.40909434635709,-0.9914621592890569,-1.1582680301621635,0.1668058708731066,-4.643170005057507,17.566248789741053,175.4613325407005,182.19697959408234,181.50431035188217,175.79572274160597
2025-01-10,174.36260986328125,179.33074706424895,174.171530466787,178.47088249081312,24964097,50.90252957357661,-1.158200609452905,-1.1582545460203117,5.39365674068204e-05,-39.31893097159428,17.69334277803698,175.4613325407005,182.19697959408234,182.1253265317795,175.79572274160597
2025-01-13,169.29891967773438,175.50909460356522,169.29891967773438,174.17152429706314,27558218,44.76189655312279,-1.679578377408916,-1.2625193122980327,-0.4170590651108832,-124.39374767167199,21.13174253795831,174.79253981609114,181.57596042141387,183.6300999102724,175.79572274160597
2025-01-14,169.96771240234375,173.1205734977432,169.49000661753848,170.5409651754795,29868604,46.687699226997985,-2.015573751737122,-1.4131302001858506,-0.6024435515512716,-128.8007640626736,24.005755386080537,174.79253981609114,181.57596042141387,183.6300999102724,175.79572274160597
2025-01-15,167.6747283935547,170.44541607979963,166.33715804400683,170.06325728804978,30131126,34.79727998040326,-2.4387645927041035,-1.6182570786895012,-0.8205075140146023,-177.44112152001733,28.10990777998519,173.31165899922735,179.37851785585067,183.6300999102724,175.79572274160597
2025-01-16,167.9613494873047,169.96770494844432,165.09511490417123,169.48999918458875,29597044,35.01683936221757,-2.719667818544849,-1.8385392266605707,-0.8811285918842784,-164.1317628570664,32.19470236068559,172.69063742930956,177.5632342461663,183.6300999102724,175.79572274160597
2025-01-17,170.15879821777344,170.15879821777344,167.3880960517384,168.9167603211662,31597150,41.23376269829458,-2.7334602726158153,-2.0175234358516194,-0.7159368367641958,-111.35237464216335,35.41087883125845,172.5473225239211,177.5632342461663,183.6300999102724,175.79572274160597
2025-01-20,167.5791778564453,171.49637099180566,165.85944875157796,170.92311823790112,33544265,41.77632218364337,-2.918897463203365,-2.1977982413219683,-0.7210992218813965,-114.72407150992915,38.91926185403075,172.40401452873152,177.08553124299192,182.77023099293183,175.79572274160597
2025-01-21,167.3881072998047,169.20339806403612,166.0505369079911,167.00594849597906,25502311,44.0972251104793,-3.04616131831645,-2.367470856720865,-0.6786904615955853,-113.86249181175627,41.86707937532261,172.40401452873152,177.08553124299192,182.79411785215527,175.79572274160597
2025-01-22,169.29891967773438,169.58554605153424,166.6237644863073,167.77026998150671,20736765,34.28569938573922,-2.958725900370041,-2.4857218654507003,-0.47300403491934073,-87.40442050455937,43.557424458184634,172.2129309842101,176.0345749294567,185.373724284954,175.79572274160597
2025-01-23,172.26071166992188,173.59828205738722,170.06326210900835,170.34988850015773,42390176,38.07695638900441,-2.620236386643569,-2.5126247696892743,-0.10761161695429466,-22.337385397621357,38.2663306455344,170.3021047538682,175.3180188355892,185.01544751848925,175.79572274160597
2025-01-24,171.01866149902344,173.59826967857555,170.54095574064627,172.64285816182124,17541032,34.58646797115634,-2.424258731269788,-2.4949515620053773,0.07069283073558941,-22.847264864429814,33.68073217135198,169.34669848077922,172.83394774382754,184.34665996200877,175.79572274160597
2025-01-27,167.5791778564453,170.44541246912172,167.1014720876659,169.58554791668806,18136518,32.05575455796516,-2.51746286756412,-2.499453823117126,-0.01800904444699425,-78.78690430239041,33.196282525366335,169.34669848077922,172.69063742930956,185.70812149802043,175.79572274160597
2025-01-28,166.050537109375,169.01230428867532,164.9995785299441,168.34351909195743,39599535,28.71623043428997,-2.683739867360856,-2.536311031965872,-0.14742883539498397,-100.0545365313107,34.27870270612831,169.29893029366565,172.642869242196,184.6810508790703,175.79572274160597
2025-01-29,162.3244171142578,167.0059424736342,162.3244171142578,166.719316091889,38578757,25.149715201615834,-3.0806702814290645,-2.645182881858511,-0.4354873995705537,-133.41343505343178,36.7135805284359,167.96134958582252,171.30528853435285,183.36735949541747,175.79572274160597
2025-01-30,163.66200256347656,165.5728256767024,162.51551161122575,163.08874979813945,35726963,31.818207744947003,-3.2498463217849576,-2.7661155698438002,-0.48373075194115733,-119.77743067837314,38.72244022211403,167.96134958582252,171.30528853435285,182.41194739367188,175.79572274160597
2025-01-31,162.2288818359375,164.61741067751956,161.27347029930468,164.04415792417063,31623165,36.29632740557064,-3.4596793878300502,-2.9048283334410505,-0.5548510543889997,-127.8435205092734,41.15300363693804,167.43587617834595,170.7798151268763,182.1730958920847,175.79572274160597
2025-02-03,154.68112182617188,160.79576440280115,154.49004243468227,160.7002174178448,38275976,26.60820324685392,-4.186752481518084,-3.1612131630564573,-1.025539318461627,-206.50778055551316,45.574312627179054,164.04416224603474,167.38810119456508,182.1730958920847,175.79572274160597
2025-02-04,156.01870727539062,158.12060974605842,154.29896358905398,155.63653391263628,31557042,31.626533409211063,-4.601982391090814,-3.4493670086633292,-1.1526153824274852,-196.12688605750893,49.450426941992504,163.9486228232206,167.29256177175094,181.64761773531708,175.79572274160597
2025-02-05,152.96139526367188,157.35627965458534,151.5282779360738,156.68749448405757,36900093,28.254886493895,-5.118748863729735,-3.7832433796766107,-1.3355054840531242,-191.74389965968373,53.41131236850505,162.56327380732466,165.90721894526087,181.28933968838334,175.79572274160597
2025-02-06,154.29896545410156,156.40086795017555,152.77030114145322,154.29896545410156,36800423,26.42047903593904,-5.358588804438426,-4.0983124646289735,-1.2602763398094528,-153.46416801575026,58.66426034073191,160.98684520259775,165.90721894526087,180.04730414250253,175.79572274160597
2025-02-07,158.0250701904297,158.40724357115218,154.10789144238498,154.20342385374772,36440784,36.263758442855355,-5.188191926546523,-4.316288357012484,-0.8719035695340391,-105.91485632145636,59.21006769882048,160.27029111237457,165.90721894526087,179.97564754827044,175.79572274160597
2025-02-10,154.68112182617188,160.0314322584196,154.49004243468227,158.50276796965653,31772864,33.24937554635922,-5.262319120486012,-4.505494509707189,-0.756824610778823,-98.45956432196334,56.92535101504687,159.26711020485402,165.90721894526087,179.97564754827044,175.79572274160597
2025-02-11,154.77667236328125,155.4454575380552,153.53463442245913,154.29896658438224,17365797,29.894228851685483,-5.252804268099567,-4.654956461385664,-0.5978478067139026,-106.07107387906947,55.558531686734,158.5505518063881,165.7639040398724,179.9756489852435,175.79572274160597
2025-02-12,151.91043090820312,155.63652998590314,151.71935152085848,154.87221243652462,21241699,21.750688188241185,-5.414134636371699,-4.806792096382871,-0.6073425399888279,-108.01807417463608,55.42816113170784,158.0728443067967,165.62059604468283,178.8291560673914,175.79572274160597
2025-02-13,154.10787963867188,155.34991751864584,152.8658417586979,153.4390944966621,24078445,27.13181429695699,-5.303538477614495,-4.906141372629197,-0.39739710498529845,-85.30413729575592,55.887355851362464,156.16202116943748,165.62059604468283,178.8291560673914,175.79572274160597
2025-02-14,152.67477416992188,155.06330313197188,152.29260078893955,154.58559733956187,21644795,28.68856715345889,-5.270771684327656,-4.979067434968889,-0.2917042493587667,-84.06087723998091,56.61549399134365,155.7798550972467,165.42951250016137,178.8291560673914,175.79572274160597
2025-02-17,150.9550323486328,153.91681413114648,150.9550323486328,153.15248193774707,24087598,28.5326359380486,-5.322221302860129,-5.047698208547137,-0.2745230943129915,-90.01252369562741,57.96541727155296,155.4932323035262,163.23206347609903,178.8291560673914,175.79572274160597
2025-02-18,148.9486541748047,152.00598278443076,147.70663082787027,150.9550242525689,35956502,30.00002737865779,-5.461931698165472,-5.130544906470805,-0.33138679169466734,-105.97528490508085,60.381636203365915,153.86903154314496,160.65245644262876,178.18425011875252,175.79572274160597
2025-02-19,143.31173706054688,153.1524792543892,143.31173706054688,150.95502970377603,70931074,23.03799576993663,-5.9588157754176905,-5.296199080260182,-0.6626166951575083,-128.85148836462213,63.44794526575829,151.67158465948324,158.45500955896705,178.18425011875252,175.79572274160597
2025-02-20,143.1206512451172,144.93592733514927,142.45186608449603,144.55376855148666,30735896,23.822010652001325,-6.295448997567888,-5.496049063721723,-0.799399933846165,-160.524881506388,66.24814620543887,151.24164917145782,158.02507407094163,176.345088427539,175.79572274160597
2025-02-21,143.88497924804688,146.94229316458922,140.54103896279872,143.2161795282591,43701907,31.832822196157537,-6.42647793209494,-5.682134837396367,-0.7443430946985732,-150.88628166779742,65.04067795266785,148.08878447435092,157.06966051009297,175.12693583773793,175.79572274160597
2025-02-24,143.78944396972656,145.70026714540398,143.31173817580722,145.22256135148464,18228493,28.523500543707485,-6.463520761324389,-5.838412022181972,-0.6251087391424175,-136.5552667429486,66.46757834965545,148.08878447435092,157.06966051009297,175.05527838504372,175.79572274160597
2025-02-25,143.40728759765625,145.70026961598072,143.40728759765625,144.2671522099219,20567844,31.48149681705739,-6.44936997332087,-5.960603612409752,-0.4887663609111179,-123.63118074969144,67.70421901363588,147.94547824072228,157.06966051009297,174.74477288586172,176.41674429456992
2025-02-26,142.8340301513672,144.55377389830585,141.49645978065027,143.598362325387,25973247,27.099258511512446,-6.410516018625259,-6.050586093652854,-0.3599299249724046,-121.48962171883758,69.40558330012398,147.8021710473853,157.06966051009297,174.74477288586172,176.4645180130168
2025-02-27,145.9868927001953,147.3244630841289,142.26077878193954,143.02511096351176,38293099,25.390663016652155,-6.055510169670924,-6.051570908856468,-0.003939260814456169,-80.82298578091637,64.96872836155512,147.22892654697262,157.06966051009297,174.1237529568334,181.05048895620126
2025-02-28,145.60472106933594,148.27987644776334,145.1270152724176,145.22256226317086,30396106,28.888929900561678,-5.738849646944232,-5.989026656474021,0.2501770095297893,-57.33052106862039,59.5072493881495,146.84675910859397,157.06965432068714,172.8100617947287,181.24157367496696
2025-03-03,146.17796325683594,150.47731511733113,146.08241627301132,147.7066275274923,48054801,30.4347765705473,-5.379625078318526,-5.867146340842922,0.4875212625243961,-34.64064275887,51.61358247782316,146.84675910859397,155.49322571596022,171.0903231123034,181.24157367496696
2025-03-04,144.93592834472656,146.94229841898883,143.78943740732953,145.98688687475408,23424005,32.863853637505386,-5.1359547673604595,-5.7209080261464305,0.5849532587859709,-62.74092621045996,47.259223756607696,145.5091770400649,154.77667162573704,171.0186679550444,181.81481742227743
2025-03-05,154.10787963867188,154.49003841169954,145.60470844379068,146.3690405682687,57583911,50.0,-4.154849950228339,-5.407696410962813,1.2528464607344736,33.00048550095317,45.019006576977006,147.51553868724915,153.77349071821646,170.97089976793083,181.76704923516385
2025-03-06,161.7511749267578,161.7511749267578,152.77029779869935,155.7320793727403,67726284,63.53274512489381,-2.729107806129633,-4.871978689996177,2.142870883866544,136.78523657490604,46.003682447686835,151.62381735370406,153.05693231975056,169.63331906008767,180.4294685273207
2025-03-07,165.28619384765625,165.28619384765625,159.74480408621207,161.4645477471324,50411476,70.27024927127357,-1.2989766077341187,-4.157378273543765,2.8584016658096463,186.31485624634834,47.812677568175566,153.39132681415327,152.9136164052275,169.63331906008767,180.4294685273207
2025-03-10,163.0887451171875,166.7193118437972,162.22888057228496,166.0505266890482,29522318,69.89247542648123,-0.33899534979516943,-3.3937016887940463,3.054706338998877,174.00982168735257,49.73518744815107,154.10788581222374,153.63017540329795,169.1078456526111,179.90399511984413
2025-03-11,166.62376403808594,167.48364315717242,161.9422533994991,163.66199705924916,41104291,84.85711743406868,0.6989857246138342,-2.57516420611247,3.2741499307263044,165.56213967569994,51.59734846303628,154.87221096955597,154.01234105998557,165.71613172029993,176.51228118753295
2025-03-12,172.8339385986328,174.74476164374062,166.24160492438,167.48364281938467,56075790,87.6513175805274,1.9996516512785831,-1.6602010346342595,3.659852685912843,189.40088014785036,54.658495607950925,159.26709952553506,157.64290030326967,165.62059229748576,176.41674176471878
2025-03-13,175.70018005371094,175.70018005371094,171.4008280336845,173.69382452475267,41964812,88.27585092794625,3.2245498962070087,-0.6832508484660059,3.9078007446730147,175.96248902875303,57.458823609241996,159.74480873052022,158.12060950825483,164.23524637629276,175.0313989382287
2025-03-14,175.22247314453125,177.32439022573766,174.36260857743653,176.46451108021958,35137919,87.47150067176014,4.1093733272994655,0.27527398668708847,3.834099340612377,151.27443644849828,60.140523037980095,160.5569138165336,158.9327145942682,163.4470320739293,175.0313989382287
2025-03-17,174.36260986328125,176.751138765518,173.98045107029276,175.4135684116348,27780561,86.48645926556875,4.687187510679053,1.1576566914854813,3.529530819193571,123.66859903374879,61.970612070967164,161.46454933476417,158.9327145942682,163.08875502881773,175.0313989382287
2025-03-18,175.89126586914062,179.23520617404122,173.12056372659788,173.2161107095356,40826411,88.10572036350345,5.208419757262362,1.9678093046408576,3.240610452621505,112.4088253493932,64.02823299024,166.0027519863703,159.88812256842,162.58716457505744,175.0313989382287
2025-03-19,158.3116912841797,167.77027439803308,158.3116912841797,162.41996387433278,52796738,60.66114803631758,4.155078162967328,2.4052630763061518,1.7498150866611764,25.8574826319924,56.57415959789159,168.77344872911044,159.88812256842,162.15722792313025,175.0313989382287
2025-03-20,158.88494873046875,163.56645964289024,155.34992879880113,158.31169595087994,52164692,61.44975834466689,3.328189152748223,2.589848291594566,0.7383408611536568,9.120999329028367,51.340399762933174,167.29256748642118,159.88812256842,161.84672017573976,172.6906395505836
2025-03-21,146.751220703125,158.5983181556734,144.8403975928157,157.92953298274983,46014257,50.41209541562635,1.6744808359765102,2.4067748004709553,-0.7322939644944451,-50.66342898586358,50.00945010017714,162.03780188342847,159.88812256842,160.89130860706015,172.6906395505836
2025-03-24,155.3499298095703,155.92316801446506,146.36905214864706,150.95503067992448,27655451,56.77019515849486,1.0456949229404415,2.1345588249648526,-1.088863902024411,-39.28980973448272,48.45487646989969,162.03780188342847,159.88812256842,160.60468379870403,172.6906395505836
2025-03-25,162.8021240234375,163.56645618726682,155.73208430946903,157.64290742983061,38629869,55.781448177753965,1.135616667133064,1.934770393398495,-0.7991537262654309,9.727163978877654,42.89506946567517,162.03780188342847,159.88812256842,159.36264788981262,172.4040167568631
2025-03-26,158.12060546875,161.2734663786755,155.92315607223085,160.8912930262593,24090876,47.48676854669177,0.8196722040367206,1.7117507555261402,-0.8920785514894196,-12.86553481637135,37.99413441945398,162.03780188342847,159.88812256842,157.26074399288686,170.77981599648183
2025-03-27,154.10787963867188,160.70021323314663,153.4390944966621,160.41358686416453,21086275,42.31274688273492,0.242692889478775,1.4179391823166672,-1.1752462928378922,-37.67661423736219,34.87884263221631,162.03780188342847,159.88812256842,155.06329710922515,168.58236911282012
2025-03-28,156.30532836914062,156.78303412261792,152.00597658784494,153.63017323398321,19976641,45.3350889438928,-0.036827106556046374,1.1269859245421245,-1.163813031098171,-52.515200277354886,32.825479798346905,162.03780188342847,159.88812256842,154.63336162119973,167.4358718760953
2025-04-02,153.2480010986328,156.8785677695169,153.2480010986328,155.34991809332865,14695103,40.74074152316795,-0.499293927232884,0.8017299541871229,-1.301023881420007,-63.0148842896456,30.976601143276156,156.3053359954244,160.36583297734575,152.57922249222196,165.28619627548005
2025-04-03,155.3499298095703,156.783047189443,152.9614008431158,153.15248024474738,16192445,37.16692388847699,-0.6882602978053853,0.5037319037886213,-1.1919922015940068,-65.80217411273544,29.53453109567556,154.20342861785298,160.36583297734575,152.57922249222196,165.28619627548005
2025-04-04,153.43910217285156,157.64290720015293,152.77030241896065,155.63653709532707,19830650,33.428181843791435,-0.980898145510082,0.20680589392888066,-1.1877040394389626,-72.63565285493193,27.502173993673672,154.20342689004127,160.36583297734575,152.50756937540763,164.80849327230567
2025-04-07,151.33718872070312,154.01234406533865,146.36905141119357,147.3244629929617,44040903,32.63890244443458,-1.3666684936493994,-0.10788898358677534,-1.258779510062624,-103.10133472480808,29.1183853914539,154.9677537992302,160.74799247799038,152.43591577873912,164.80849327230567
2025-04-08,152.8658447265625,154.20341503655072,150.95502166748045,153.8212562561035,17743365,34.52545347899728,-1.5313915808279148,-0.3925895030350033,-1.1388020777929115,-76.0963556842546,30.331506151520443,154.9677537992302,161.51232179068538,152.14929352853278,163.75753695877046
2025-04-09,147.4199981689453,151.91042932772822,147.4199981689453,151.33717659323565,24691715,30.598968920594075,-2.0774228807255213,-0.7295561785731068,-1.3478667021524144,-99.4637524357025,32.841229471385226,153.82125889493454,161.51232179068538,151.95820671464054,163.04098086490296
2025-04-10,149.5,155.5,148.8000030517578,155.39999389648438,19314400,42.38745024673296,-2.315624774399055,-1.0467698977382964,-1.2688548766607584,-72.99709888462338,31.59993104073221,153.5346323221701,161.51232179068538,151.1699924122771,160.55690977314129
2025-04-11,147.60000610351562,150.10000610351562,146.5,150.0,22134728,40.4692524271144,-2.6274277680292073,-1.3629014717964787,-1.2645262962327286,-95.5471491453905,31.673142880022567,152.00597930567324,162.03780188342847,150.14292433290098,160.4135994586233
2025-04-14,146.89999389648438,149.39999389648438,146.8000030517578,148.6999969482422,17733084,50.1557211470276,-2.897617095587748,-1.6698445965547326,-1.2277724990330152,-95.28724052206614,31.58050522293593,152.00597930567324,162.03780188342847,150.6445147027328,160.4135994586233
2025-04-15,143.1999969482422,147.39999389648438,143.1999969482422,147.10000610351562,21304800,35.829459052931526,-3.3714390649525114,-2.010163490234288,-1.3612755747182232,-127.55470880044717,33.27477965118404,150.42145207419756,161.2176015611417,152.3403748367273,160.4135994586233
2025-04-16,139.10000610351562,143.5,138.8000030517578,143.0,26299198,20.011127997454693,-4.03131094235377,-2.4143929806581843,-1.6169179616955853,-171.75983618936604,36.33129465170556,148.22145512595537,159.0176046128995,153.1524716096904,160.4135994586233
2025-04-17,143.60000610351562,146.8000030517578,136.5,139.60000610351562,54646084,31.543176641447843,-4.143389354080057,-2.7601922553425586,-1.3831970987374982,-143.77431108220912,35.728645830928365,146.0,157.8676030870206,153.86903060776086,160.4135994586233
2025-04-18,143.1999969482422,148.10000610351562,141.89999389648438,145.1999969482422,41412960,34.733096845427895,-4.215891525464883,-3.051332109367024,-1.1645594160978594,-102.54723822924015,34.04174651465304,146.0,157.8676030870206,154.44227601477075,160.4135994586233
2025-04-21,150.5,154.89999389648438,144.1999969482422,147.0,52482149,42.890246172269016,-3.6423144473445177,-3.1695285769625228,-0.47278587038199493,-16.265163724833336,31.11409282215651,146.0,157.8676030870206,158.45499991440238,160.4135994586233
2025-04-22,145.1999969482422,151.6999969482422,144.89999389648438,151.5,30876030,40.65688791326523,-3.5742151059676814,-3.250465882763555,-0.3237492232041266,-53.57783859270126,29.10172139187716,146.0,157.8676030870206,158.93270911938754,160.4135994586233
2025-04-24,147.10000610351562,147.8000030517578,142.39999389648438,145.5,43316369,40.377361445658764,-3.328561443146725,-3.266084994840189,-0.06247644830653609,-69.17393305937338,25.401636963712292,145.6999969482422,157.8676030870206,159.7448142054009,160.4135994586233
2025-04-25,145.5,148.1999969482422,144.6999969482422,147.60000610351562,22603026,40.672267521555376,-3.225801237591412,-3.258028243390434,0.032227005799021935,-57.41936503899618,22.49493068750748,145.6999969482422,157.8676030870206,160.19863196451618,160.4135994586233
2025-04-28,144.3000030517578,146.39999389648438,141.8000030517578,145.39999389648438,26079262,41.55291587038362,-3.2042560896504426,-3.247273812642436,0.043017722991993246,-82.35236143672505,21.228967917410436,145.6999969482422,152.13513719901653,162.94543727739514,160.4135994586233
2025-04-29,140.6999969482422,144.6999969482422,139.8000030517578,143.5,24506607,36.08850304244911,-3.4380402231435028,-3.2854270947426496,-0.15261312840085317,-113.85011581647771,21.443693063059605,145.6999969482422,150.0332298214451,164.33078564876521,160.27028455323486
2025-04-30,137.6999969482422,142.0,137.39999389648438,140.6999969482422,24224115,38.22675106308736,-3.82134072404952,-3.392609820604024,-0.428730903445496,-145.20137066535293,23.022707609173352,145.6999969482422,150.0332280936334,163.5903450274206,160.12697655804527
2025-05-02,138.39999389648438,139.8000030517578,137.1999969482422,137.6999969482422,16173521,36.090226426523806,-4.022259129468836,-3.5185396823769866,-0.5037194470918491,-138.3064691687127,24.505497504434516,146.04999542236328,150.0332280936334,160.96296222592423,160.12697655804527
2025-05-05,135.0,140.3000030517578,134.8000030517578,139.5,23107185,34.782610298128546,-4.405060708027236,-3.6958438875070363,-0.7092168205201994,-151.5233857485562,27.117004255667275,144.8499984741211,149.1832296195123,160.96296222592423,159.93589301352384
2025-05-06,135.39999389648438,138.5,133.6999969482422,135.0,41241618,36.00973443770814,-4.622868007656535,-3.8812487115369363,-0.7416192961195991,-147.93880605890578,29.931769989541806,142.6999969482422,147.48673166345884,160.96296222592423,159.88812256842
2025-05-07,137.1999969482422,139.39999389648438,134.8000030517578,135.39999389648438,39564899,42.34694115870225,-4.597242508848012,-4.024447470999152,-0.5727950378488602,-112.85274212996686,31.081077560784745,140.9499969482422,147.20010509069442,160.96296222592423,159.88812256842
2025-05-08,140.0,140.89999389648438,136.3000030517578,138.0,22075657,51.18732627537628,-4.301413256264112,-4.079840628052144,-0.22157262821196788,-72.54030226346732,30.016685817830645,140.9499969482422,145.67145207419756,160.96296222592423,159.88812256842
2025-05-09,143.89999389648438,144.60000610351562,138.8000030517578,140.1999969482422,38367015,50.4021282114008,-3.7095086221125655,-4.005774226864229,0.29626560475166386,-12.070700178476338,26.88955868010363,140.04999542236328,145.67145207419756,160.96296222592423,159.88812256842
2025-05-12,154.0,154.8000030517578,147.10000610351562,148.5,42506815,61.489361218598965,-2.397793580008397,-3.6841780974930627,1.2863845174846658,153.08435035402076,29.58492602133206,144.25,145.67145207419756,158.33558448638507,159.88812256842
2025-05-13,154.5,155.3000030517578,151.10000610351562,152.89999389648438,27217830,54.97512286737611,-1.3028852868497722,-3.2079195353644048,1.9050342485146325,165.2221616636194,32.08984856085223,144.5,145.67145207419756,157.28463079759936,159.88812256842
2025-05-14,154.0,157.39999389648438,153.39999389648438,153.8000030517578,30843909,62.429379626935635,-0.4700894983425883,-2.6603535279600417,2.1902640296174534,165.8475699476737,34.97675266401102,145.54999542236328,145.54999542236328,157.2846299336935,159.88812256842
2025-05-15,148.39999389648438,155.1999969482422,148.10000610351562,154.10000610351562,24484357,51.66238822255819,-0.2589811538001072,-2.1800790531280545,1.9210978993279473,90.35485589639646,32.713326551478154,145.54999542236328,145.54999542236328,157.85787313861027,159.88812256842
2025-05-16,159.0,159.5,148.39999389648438,149.0,43451149,64.03326225255228,0.7549530064928263,-1.5930726412038783,2.3480256476967045,137.975158815525,32.70578129010845,146.5999984741211,146.5999984741211,158.2400377949578,159.88812256842
2025-05-20,156.60000610351562,160.5,155.3000030517578,157.60000610351562,29434027,62.474647353312136,1.34928990949291,-1.0046001310645207,2.353890040557431,138.37179391050708,33.11016952052644,147.6500015258789,147.0999984741211,157.66679034280997,159.88812256842
2025-05-21,151.39999389648438,157.6999969482422,151.0,155.1999969482422,23878225,60.51080061262978,1.38474616843925,-0.5267308711637666,1.9114770396030165,80.87066578677411,30.111571030333437,148.4000015258789,147.0999984741211,157.52347705642774,159.88812256842
2025-05-22,150.8000030517578,153.3000030517578,149.10000610351562,152.1999969482422,33053976,63.50516093145941,1.3488821880522153,-0.15160825932057026,1.5004904473727856,54.21009411913348,26.241233249359787,149.6500015258789,147.0999984741211,157.02189059455085,159.88812256842
2025-05-23,147.60000610351562,151.89999389648438,146.0,150.6999969482422,24979842,59.01961981081495,1.0501413393074017,0.08874166040502414,0.9613996789023775,25.131667021136355,24.479868408318723,153.25,147.0999984741211,157.02189059455085,159.88812256842
2025-05-26,147.0,149.8000030517578,146.60000610351562,149.0,13617923,62.448129627495696,0.7562539613573165,0.22224412059548265,0.5340098407618339,16.282015690395607,22.580099825317465,153.25,147.0999984741211,155.8195268176696,159.88812256842
2025-05-27,142.6999969482422,147.89999389648438,142.6999969482422,147.3000030517578,18941146,57.005758213603634,0.1743618524373005,0.21266766696384626,-0.038305814526545745,-18.69212011664116,23.2612093912687,151.5999984741211,147.0999984741211,153.61952986942742,159.0176046128995
2025-05-28,143.8000030517578,144.3000030517578,141.6999969482422,142.6999969482422,21871145,56.42023635081186,-0.19577377851518918,0.13097937786803918,-0.3267531563832283,-30.35399503038451,24.376041391756615,151.0999984741211,147.0999984741211,151.9338015435103,157.8676030870206
2025-05-29,143.0,146.39999389648438,142.5,144.89999389648438,16581243,53.03643574632121,-0.5473529490197109,-0.004687087509510843,-0.5426658615102,-24.60085261107707,23.29821142364311,151.0999984741211,147.0999984741211,151.9338015435103,157.8676030870206
2025-05-30,141.6999969482422,144.3000030517578,141.5,143.0,22515996,47.649577595940386,-0.9202730217886312,-0.18780427436533492,-0.7324687474232963,-43.36176824183152,23.03538323556183,151.0,147.0999984741211,151.9338015435103,157.8676030870206
2025-06-02,143.5,144.10000610351562,139.6999969482422,141.5,25753900,36.36364717268734,-1.0583694390965093,-0.3619173073115698,-0.6964521317849395,-47.84669084421677,23.97245212537839,148.6999969482422,147.0999984741211,151.9338015435103,157.8676030870206
2025-06-03,150.8000030517578,151.5,144.8000030517578,144.8000030517578,30004596,45.91612118501082,-0.5721670218716497,-0.4039672502235858,-0.16819977164806388,21.902323115840243,22.750904304044447,146.5,147.0999984741211,151.7838000176314,157.8676030870206
2025-06-04,149.10000610351562,151.1999969482422,147.8000030517578,150.0,39440211,44.73119281649497,-0.32033107237438685,-0.387240014653746,0.06690894227935917,19.843893616348648,21.505903427690157,145.79999542236328,147.0999984741211,151.7838000176314,157.8676030870206
2025-06-05,148.5,149.10000610351562,147.8000030517578,149.10000610351562,12481633,50.120489192740784,-0.16723694273676415,-0.3432394002703497,0.17600245753358557,-0.4487504523895278,20.426902668183107,145.5999984741211,147.0999984741211,148.91756707362936,157.8676030870206
2025-06-10,150.60000610351562,151.89999389648438,148.39999389648438,149.60000610351562,45733831,37.27274829032362,0.122136288943409,-0.250164262427598,0.372300551371007,21.966977481378212,21.44655681009788,145.79999542236328,147.0999984741211,147.86661338484365,157.8676030870206
2025-06-11,152.0,153.10000610351562,150.60000610351562,151.10000610351562,35481031,42.812497317793536,0.45914176660105,-0.1083030566218684,0.5674448232229183,44.465357287914514,23.071207007014394,146.4000015258789,147.0999984741211,147.8666125209378,157.8676030870206
2025-06-12,147.60000610351562,151.10000610351562,146.1999969482422,150.1999969482422,32909104,43.91027835541618,0.3669483483329259,-0.013252775630909541,0.38020112396383543,-20.070263093671663,20.089897296804452,146.4000015258789,147.0999984741211,148.04161175799834,157.8676030870206
2025-06-13,145.39999389648438,145.39999389648438,139.39999389648438,140.0,29517322,41.768287151508,0.11503574088581558,0.012404927672435485,0.1026308132133801,-102.69260069622936,21.414875415309265,146.25,147.0999984741211,147.0166140468167,157.0176046128995
2025-06-16,146.60000610351562,148.8000030517578,143.39999389648438,145.39999389648438,25938835,48.37662595020491,0.012084834291442803,0.01234090899623695,-0.0002560747047941469,-42.80914205339957,19.967464939178985,146.25,147.6500015258789,145.0933643058505,156.4676015611417
2025-06-17,146.6999969482422,148.3000030517578,144.8000030517578,146.89999389648438,22304487,49.50494600761529,-0.06073594917944547,-0.0022744626388995336,-0.058461486540545934,-32.231024801680896,19.097309762288976,146.25,148.4000015258789,144.0750510194683,156.4676015611417
2025-06-18,143.10000610351562,146.39999389648438,142.5,146.10000610351562,23390591,50.675690653019,-0.4042758788378933,-0.0826747458786983,-0.321601132959195,-76.09740447467226,19.745911749659975,146.25,149.6500015258789,143.31072451121986,156.4676015611417
2025-06-19,144.0,146.5,143.3000030517578,144.0,23472330,50.34013075843943,-0.5970295769551512,-0.1855457120939889,-0.41148386486116234,-55.99368549238804,20.207858521873703,146.25,149.9499969482422,142.8607237482804,156.4676015611417
2025-06-20,146.0,147.0,143.6999969482422,146.0,34878460,54.90195980656248,-0.5816995161985403,-0.2647764729148992,-0.3169230432836411,-26.76274135628105,20.053222582990728,146.25,149.9499969482422,144.96072603709877,156.4676015611417
2025-06-23,144.39999389648438,146.8000030517578,143.39999389648438,144.5,17884259,54.368925806258865,-0.6906955450463386,-0.3499602873411871,-0.34073525770515145,-39.60634253223927,20.165881053745355,146.25,149.9499969482422,145.08572603709877,156.4676015611417
2025-06-24,147.89999389648438,151.10000610351562,146.8000030517578,150.0,36918548,56.74845563297283,-0.4890178406388088,-0.3777717980007115,-0.11124604263809734,64.84719300514725,19.112204998435153,145.25,149.9499969482422,145.54999542236328,156.4676015611417
2025-06-25,144.10000610351562,148.60000610351562,143.5,148.5,29436388,38.48797413031429,-0.6285683196373668,-0.42793110232804255,-0.20063721730932427,-21.781399934330658,17.853978059267366,145.25,149.9499969482422,145.54999542236328,156.4676015611417
2025-06-26,141.6999969482422,144.60000610351562,141.60000610351562,144.3000030517578,20483753,37.58387852776254,-0.9221932905596475,-0.5267835399743636,-0.39540975058528394,-94.87027812733868,18.147380134465156,146.35000610351562,149.9499969482422,146.5999984741211,156.4676015611417
2025-06-27,143.0,144.5,141.0,141.8000030517578,31107346,40.98360655737705,-1.038028072303689,-0.6290324464402287,-0.4089956258634603,-88.04685463199614,18.830033149112765,146.0500030517578,148.54999542236328,147.375,156.4676015611417
2025-06-30,154.0,154.6999969482422,143.8000030517578,143.8000030517578,71757420,54.31471373500359,-0.2394595614501327,-0.5511178694422095,0.31165830799207683,114.48587801976713,20.461937020681333,147.8499984741211,147.04999542236328,147.75,156.4676015611417
2025-07-01,157.10000610351562,159.1999969482422,153.0,153.6999969482422,43949627,56.20438606586895,0.636222346324729,-0.3136498262888219,0.9498721726135508,211.7691035025962,23.560618913875786,150.0999984741211,149.29999542236328,148.375,156.4676015611417
2025-07-02,162.0,165.5,157.5,157.60000610351562,43033719,67.307682432368,1.7059302219781216,0.09026618336456682,1.6156640386135548,264.08011252330965,27.960777614658404,153.25,152.4499969482422,150.17499923706055,156.4676015611417
2025-07-03,161.6999969482422,165.39999389648438,161.0,165.0,29183338,70.5289726760036,2.50064777031875,0.5723425007554035,1.9283052695633465,221.41172143560607,31.749914955790572,153.25,152.4499969482422,150.17499923706055,156.4676015611417
2025-07-04,161.6999969482422,163.5,160.0,162.0,17608438,69.610385492651,3.0947923136588997,1.0768324633361028,2.017959850322797,164.77530420751626,34.06983600417827,153.25,152.4499969482422,149.3499984741211,156.4676015611417
2025-07-07,156.6999969482422,159.3000030517578,156.3000030517578,158.60000610351562,21818336,61.520738947396545,3.1261614879150272,1.4866982682518879,1.6394632196631393,93.20792867530533,32.802239880142075,153.25,152.4499969482422,149.0999984741211,156.4676015611417
2025-07-08,154.89999389648438,159.3000030517578,153.6999969482422,158.3000030517578,28242509,64.18267555490999,2.97152271731548,1.7836631580646063,1.1878595592508738,67.61727147108435,29.74552991492112,153.25,152.4499969482422,149.0999984741211,156.4676015611417
2025-07-09,160.3000030517578,161.1999969482422,154.5,155.10000610351562,37553744,67.6789539029217,3.24727343971864,2.076385214395413,1.170888225323227,88.57245789650759,28.1829406876051,153.25,152.4499969482422,149.04999923706055,156.4676015611417
2025-07-10,163.39999389648438,164.8000030517578,161.5,161.89999389648438,32207064,68.43219215724307,3.673604204830724,2.3958290124824755,1.2777751923482485,117.45706945399262,28.63274702586954,154.6500015258789,152.4499969482422,147.89999771118164,156.4676015611417
2025-07-11,165.60000610351562,167.39999389648438,164.3000030517578,165.60000610351562,34046488,72.17573649166737,4.141259148942908,2.744915039774562,1.3963441091683455,123.09146034783441,30.12602894697353,160.1999969482422,153.39999389648438,146.79999923706055,156.4676015611417
2025-07-14,164.5,166.10000610351562,163.0,165.89999389648438,21265899,68.28193521672847,4.372711861582928,3.0704744041362355,1.3022374574466928,99.2553870947128,30.20440596935025,160.54999542236328,153.39999389648438,146.4499969482422,156.4676015611417
2025-07-16,161.0,165.5,157.5,164.0,29711666,68.73611992654133,4.225015703547825,3.3013826640185537,0.9236330395292716,64.74589317230047,26.290373602951053,160.54999542236328,153.39999389648438,146.3499984741211,150.73513567313762
2025-07-17,168.3000030517578,168.6999969482422,159.6999969482422,163.0,37826557,76.59998986817024,4.643487439090194,3.569803619032882,1.0736838200573118,93.99690622663192,24.547445568170904,161.1999969482422,154.04999542236328,146.4499969482422,148.6332282955662
2025-07-18,166.39999389648438,169.10000610351562,166.10000610351562,168.1999969482422,22366887,73.12250687851238,4.766864992281427,3.8092158936825915,0.9576490985988353,101.64323252699536,23.26511578509073,161.4000015258789,154.25,146.75,148.6332265677545
2025-07-21,172.8000030517578,173.3000030517578,167.3000030517578,167.3000030517578,38545525,70.43476559040343,5.319747110532489,4.111322137052571,1.208424973479918,127.18446316477478,24.34130221442352,163.5,156.3499984741211,146.75,148.6332265677545
2025-07-22,173.0,175.60000610351562,170.1999969482422,173.1999969482422,30430979,68.44545288472295,5.708247135112828,4.430707136664623,1.277539998448205,133.04404896254678,26.268470170833243,165.0500030517578,158.3000030517578,146.67499923706055,148.6332265677545
2025-07-23,170.60000610351562,173.8000030517578,170.39999389648438,173.39999389648438,21556719,60.59113096839855,5.756123742285439,4.695790457788786,1.0603332844966529,111.23876028220899,28.142594612902272,166.5500030517578,158.3000030517578,146.95000076293945,147.48673166345884
2025-07-24,175.1999969482422,176.39999389648438,170.5,171.39999389648438,43401331,65.03339939807678,6.094987889452568,4.975629944121543,1.119357945331025,129.1350899050611,30.895412623458014,166.9499969482422,158.6999969482422,147.32500076293945,147.20010509069442
2025-07-25,174.10000610351562,175.6999969482422,172.10000610351562,175.1999969482422,19631935,63.47826635003584,6.203272633785389,5.221158482054313,0.9821141517310759,121.72068753535798,32.96645501194552,166.9499969482422,158.6999969482422,147.95000076293945,147.0999984741211
2025-07-28,170.5,174.8000030517578,170.10000610351562,174.5,16427070,65.47084802903412,5.93023856899319,5.362974499442089,0.5672640695511006,90.58150926551843,32.18594220179407,166.9499969482422,158.6999969482422,148.0999984741211,147.0999984741211
2025-07-29,170.10000610351562,173.3000030517578,169.5,170.5,18549606,67.59260174995656,5.61683357983253,5.413746315520178,0.20308726431235247,72.85497020568707,30.7693926832233,168.04999542236328,158.6999969482422,148.0999984741211,147.0999984741211
2025-07-30,174.5,176.1999969482422,170.3000030517578,170.39999389648438,29048053,66.82464215063608,5.658275525026397,5.462652157421422,0.19562336760497523,97.03708669766323,31.589880541055486,171.25,158.6999969482422,148.0999984741211,147.0999984741211
2025-07-31,179.3000030517578,180.1999969482422,174.0,175.0,40741615,68.10934605848877,6.009168739491997,5.571955473835538,0.43721326565645935,132.22424925806146,34.29940832873312,173.75,160.5999984741211,147.5999984741211,147.0999984741211
2025-08-01,182.39999389648438,185.39999389648438,179.3000030517578,181.39999389648438,47169938,68.74999148504843,6.462897237134229,5.750143826495276,0.7127534106389524,160.17942383654625,38.33249881060405,177.4499969482422,163.1999969482422,147.5999984741211,147.0999984741211
2025-08-04,181.6999969482422,186.10000610351562,180.39999389648438,183.60000610351562,28977549,69.36937525195057,6.688891064348752,5.937893274065972,0.7509977902827805,144.96150901650725,42.013212696827225,177.8000030517578,163.5500030517578,148.1500015258789,147.0999984741211
2025-08-05,181.10000610351562,183.0,180.5,183.0,20355862,74.21689263172757,6.741862558862266,6.098687131025231,0.6431754278370354,123.39214584014498,45.34711803245096,177.8000030517578,164.95000457763672,147.29999923706055,147.0999984741211
2025-08-06,182.39999389648438,182.6999969482422,179.60000610351562,181.5,23942562,69.85916764272896,6.810236829400452,6.240997070700275,0.569239758700177,117.9365459005568,46.827193528430875,177.8000030517578,169.5500030517578,147.4499969482422,147.0999984741211
2025-08-07,183.10000610351562,185.8000030517578,183.0,183.10000610351562,26410780,74.34407144147247,6.842038307683282,6.361205318096877,0.4808329895864052,132.5359276684647,49.27697127109395,177.8000030517578,169.9000015258789,149.6999969482422,147.0999984741211
2025-08-08,180.3000030517578,183.1999969482422,179.60000610351562,183.10000610351562,19762161,62.215003141228024,6.565619982463403,6.402088250970182,0.16353173149322053,87.8903723639438,46.93390401587254,177.8000030517578,169.9000015258789,152.8499984741211,149.5999984741211
