,symbol,priceToBook,CPrice,targetHighPrice,targetLowPrice,targetMeanPrice,targetMedianPrice,bookValue,open,dayLow,dayHigh,recommendationKey,fiftyTwoWeekLow,fiftyTwoWeekHigh,RSI,ADX,CCI,ROC,ATR,OBV,CMF,AD,MFI,MACD,MACD_signal,MACD_Hist,MACDAS,MACDAS_Signal,BB_Middle,BB_Upper,BB_Lower,BB_%B,BB_BWidth,FWMA,VWAP,kama,EMA_200,Supertrend,st_way,Stoch_K,Stoch_D,StochRSI_K,StochRSI_D,Tenkan,Kijun,Senkou_A,Senkou_B,Chikou,SMA_14,SMA_20,SMA_50,SMA_100,SMA_200,time,YF%,MACDAS-dif,change,BB_Pot,BB_Opt,TrendWay,Cloud_Position,TK_Cross
0,AEFES.IS,0.92584413,14.67,27.4,16.0,23.225,24.75,15.845,14.56,14.46,14.84,none,13.25,24.18,37.906332402156835,27.59159238875235,-2.504655564554699,0.686809237042884,0.1426613476336216,150526985.0,-0.20591373903044766,-135291237.85187727,39.84374180039305,-0.14101898757091114,-0.1910832959910045,0.05006430842009335,0.05006430842009335,0.03990469474688221,14.666000032424927,14.925183185023208,14.406816879826646,0.48842481667371784,3.5344763674519997,14.68883348623589,14.670122810953309,14.588377983854421,16.183241108132567,14.931417558444606,-1,57.89462236599838,68.83376237520302,78.36919737486879,86.05955634615559,15.480000019073486,15.854999542236328,16.420000076293945,16.675000190734863,,14.634285722460065,14.666000032424927,15.11620002746582,16.13339991569519,16.762399973869325,2025-09-10 02:33:07.554146,12.991765782250686,0.010159613673211138,0.7554945054945028,1.739490013791456,-1.7940226324018704,upper,Below_Cloud,Bearish
1,AGHOL.IS,0.6406057,26.4,55.6,35.654,45.861,46.09499,41.211,26.8,26.28,27.1,none,23.88,38.675,32.73468940649661,26.974173403637117,-140.00016445576523,-1.1949275353545008,0.2765155492148191,18608360.0,-0.20556208919966912,-17129117.4723372,33.74350328706714,-0.21678575089614327,-0.20241890225960424,-0.014366848636539031,-0.014366848636539031,-0.014655964711764181,26.8790002822876,27.40943057941085,26.34856998516435,0.10503651461147145,3.9468007853907134,26.598762496731585,26.703248947927392,26.897853435874595,28.298530036645282,27.279915106217587,-1,22.1037721984175,22.76650229559343,26.978029810488707,53.08647328239632,27.369999885559082,27.25999927520752,28.634999752044678,28.890000343322754,,26.747143064226425,26.8790002822876,27.163200035095215,28.095400009155274,28.854400033950807,2025-09-10 02:33:07.554146,17.032781345049003,0.00028911607522514975,-1.4925373134328401,3.8236006795865585,-0.19481066225625066,lower,Below_Cloud,Bullish
2,AHGAZ.IS,2.1712003,34.8,,,,,16.028,35.36,34.52,35.52,none,13.62,36.48,41.4967886866731,42.364457450800145,-66.0826465081872,-0.6264163231683016,0.348371337678654,150816943.0,-0.08485171538726483,-161474191.25400504,39.6432488493874,-0.23407382814836097,-0.1956779715385366,-0.038395856609824364,-0.038395856609824364,-0.0806777799861973,35.25999984741211,36.19054877605097,34.329450918773254,0.3065666885137434,5.278212890900813,34.900831911191496,34.87854338652115,35.17862498400178,34.25951326562284,35.86570227485014,-1,32.74852431368876,26.84204525836949,74.9187125358641,68.2425276046044,36.04999923706055,35.30999946594238,34.540000915527344,33.94000053405762,,35.02142824445452,35.25999984741211,35.55919998168945,34.75359992980957,34.87059999465942,2025-09-10 02:33:07.554146,92.65091863517061,0.04228192337637293,-1.5837104072398245,3.9958298162384276,-1.352152532260753,lower,Above_Cloud,Bullish
3,AKBNK.IS,1.2613988,62.8,106.4,56.0,84.04786,84.9,49.786,62.0,61.2,63.35,buy,46.12,76.2,56.86207637519589,19.31953075360702,93.81216065005653,2.8665029023254407,0.7593870385102135,3077279004.0,-0.12865230942505992,-322809165.2233735,58.04562385747121,0.05152472571641198,-0.19397645506842937,0.24550118078484134,0.24550118078484134,0.2144347790078514,61.76999988555908,63.303427494524264,60.2365722765939,0.8358487043925568,4.964959079832139,62.61465476540958,62.33271039678901,62.19506292224674,65.89038714453118,63.08613311419251,-1,72.87977416992105,79.84236864607028,79.08495471460526,84.8249909694343,61.375,65.29999923706055,69.13750076293945,69.25,,61.875,61.76999988555908,62.26499977111816,65.8894998550415,66.8722500038147,2025-09-10 02:33:07.554146,55.45212765957446,0.031066401776989938,1.2903225806451646,0.8016361377775061,-4.08189127930908,no-trend,Below_Cloud,Bearish
4,AKCNS.IS,1.1769564,136.8,216.0,177.43,200.1575,203.6,116.232,134.1,133.7,137.7,none,122.6,217.8,50.74629632842162,17.19989804478837,45.43264741381129,0.518132432729751,1.6049431032490253,18760379.0,0.1498468596945091,-12304477.08719312,33.342145375911606,0.08219504414779522,-0.09425620224536899,0.1764512463931642,0.1764512463931642,0.08245178828025848,135.25499954223633,138.00561906698326,132.5043800174894,0.5990692286988734,4.067309207136528,136.03752886789567,136.03118373915885,135.92705395602917,136.3432017570849,138.09719384106168,-1,65.61546780236412,77.28719299664392,67.34314902350961,81.9762947192239,137.70000457763672,136.25,136.02499771118164,137.1999969482422,,135.32142966134208,135.25499954223633,135.43999969482422,135.74899978637694,135.86349990844727,2025-09-10 02:33:07.554146,14.915966386554638,0.09399945811290572,2.0134228187919545,0.8813004875608543,-3.140073086630557,no-trend,No_Data,Bullish
5,AKFGY.IS,0.44407067,2.64,,,,,5.945,2.62,2.6,2.73,none,1.68,3.17,41.96847122651428,21.80774576319854,9.60921055916237,1.1494333721897778,0.03959763261231772,556192052.0,-0.21168412247476392,1971093203.5735204,52.52442584003403,-0.023035300585347862,-0.034688094328353694,0.011652793743005832,0.011652793743005832,0.00901479114225305,2.640499985218048,2.723319179041116,2.55768079139498,0.4969820986488874,6.2729933184399504,2.6551420652358573,2.6585321764575216,2.623571992879428,2.873682541623247,2.7012910764798335,-1,52.08340473469241,62.5000558793245,70.72663084300791,81.76406586022064,2.7949999570846558,2.875,3.0449999570846558,3.065000057220459,,2.632857118334089,2.640499985218048,2.7269999885559084,2.8817999792099,2.932649997472763,2025-09-10 02:33:07.554146,64.4295302013423,0.0026380026007527813,0.7633587786259444,3.1560295091331847,-3.118151841099237,upper,Below_Cloud,Bearish
6,AKFYE.IS,0.5704088,17.26,34.62,34.62,34.62,34.62,30.259,17.09,17.01,17.4,none,14.17,22.06,43.010380240888395,26.849535606797513,13.575488443197939,0.9345785021542901,0.16770720182182908,486110477.0,-0.06323325197759652,-225639708.88350642,41.23893070754454,-0.14516389775930705,-0.195686310275212,0.050522412515904946,0.050522412515904946,0.01819822457321809,17.260999965667725,17.667196964798944,16.854802966536507,0.5233885540986536,4.706529169099675,17.27694759794471,17.232444197539518,17.12017440094587,18.263891758302893,17.50060903169995,-1,75.2190387983868,70.68215241730593,91.09693253398763,93.89806187339707,18.0,18.135000228881836,18.649999618530273,19.25999927520752,,17.170000076293945,17.260999965667725,17.693800048828123,18.335300064086915,18.671799993515016,2025-09-10 02:33:07.554146,39.16349809885934,0.032324187942686856,0.9947337624341746,2.3591944658107877,-2.347607378119898,upper,Below_Cloud,Bearish
7,AKSA.IS,1.6573704,10.4,13.02,11.5,12.34,12.5,6.275,10.45,10.2,10.71,buy,8.03,13.65,42.87607448733541,24.594336785298733,-90.77857623055047,-0.09597148568728892,0.15937862060352023,96039147.0,-0.16480834344225886,-794485.3002764976,43.251437566891084,-0.0036314797444134683,0.027913532847111896,-0.03154501259152537,-0.03154501259152537,-0.022445377267187774,10.588000011444091,10.863143610648672,10.31285641223951,0.17653224616788013,5.19727236318834,10.46099381611265,10.525469854181997,10.60094636171821,10.341186454989941,10.905940163885973,-1,42.39351691434643,43.482828379999326,1.426124874650492,14.243580993541341,10.40500020980835,10.285000324249268,10.545000076293945,10.78499984741211,,10.51857144492013,10.588000011444091,10.388600025177002,10.570400037765502,10.360249996185303,2025-09-10 02:33:07.554146,42.17081850533809,-0.009099635324337593,-0.4784688995215225,4.453303948544929,-0.8379191130816421,lower,Below_Cloud,Bullish
8,AKSEN.IS,0.89109415,35.56,61.0,45.0,54.48,55.0,39.906,35.7,35.42,36.5,none,29.92,43.74,36.137468727888724,23.108937142198165,-104.23248020658785,-1.0555585225423176,0.389945378835549,77472467.0,-0.05773672643892829,-110440973.8261912,26.385467299928777,-0.239066986609771,-0.26148895443564935,0.022421967825878353,0.022421967825878353,0.05057072245063368,36.01999988555908,36.53021572005015,35.50978405106801,0.10800809516887355,2.832958556980025,35.83657154833811,36.03403233656264,36.24888762852616,38.9645203653781,36.86778287813856,-1,25.81374475401546,41.69416434399849,46.13615433244042,63.08003116371312,37.30000114440918,37.709999084472656,39.32499980926514,40.239999771118164,,36.0014283316476,36.01999988555908,36.62679992675781,38.25939998626709,40.30099996566773,2025-09-10 02:33:07.554146,40.81041968162084,-0.02814875462475533,-0.39215686274509665,2.728390663808078,-0.14121470453316576,lower,Below_Cloud,Bearish
9,ALARK.IS,0.48809576,79.4,171.06,124.0,146.59,145.65,162.673,79.0,78.35,79.9,none,75.15,107.5,39.26643650818976,32.47613720420357,-55.77763938163646,0.31746031746031744,0.7716095825147553,10703801.0,-0.16945230362923483,-172557413.98108804,38.10187012639411,-0.5913805590009531,-0.7291511224347461,0.13777056343379301,0.13777056343379301,0.11612983511086446,79.31000061035157,80.44956209559088,78.17043912511225,0.3639824992477418,2.873689261050331,79.12413909324042,79.26226420115448,79.2691175217983,86.83537360528494,81.0112876022473,-1,52.680405580684145,60.00049357505177,75.4425356465646,81.97617295840143,81.5999984741211,83.6500015258789,88.625,90.97500228881836,,79.08214351109096,79.31000061035157,80.81300064086913,85.23050033569336,88.71750007629394,2025-09-10 02:33:07.554146,13.137557959814531,0.021640728322928557,0.5063291139240533,1.3218666191320727,-1.5485653336117844,upper,Below_Cloud,Bearish
10,ALBRK.IS,0.92347986,8.11,12.2,9.83,10.62667,9.85,8.782,8.14,8.03,8.25,none,4.92,9.52,37.64338094628355,15.602107045982713,-81.16572706291646,-0.3694548447536813,0.09334578884286515,681098559.0,-0.09397164257403648,379082697.2951803,44.08414199485896,-0.060067156285365186,-0.06284125238864512,0.00277409610327993,0.00277409610327993,-0.001511416983147469,8.176000022888184,8.391907231924295,7.960092813852073,0.30084066973903184,5.281487486098151,8.11555794238077,8.126368049930921,8.173570760477006,8.501224863601177,8.354880043992765,-1,35.27777115503313,42.22697327865186,41.709963809685625,62.770175267475246,8.360000133514404,8.519999980926514,8.752500057220459,8.789999961853027,,8.127857208251953,8.176000022888184,8.27980001449585,8.48539999961853,8.502500004768372,2025-09-10 02:33:07.554146,69.34782608695652,0.0042855130864273994,-0.3685503685503799,3.4760447832835384,-1.8484239968918126,no-trend,Below_Cloud,Bearish
11,ALFAS.IS,3.2240276,44.44,82.0,82.0,82.0,82.0,13.784,44.5,44.32,45.1,none,37.86,86.0,32.94611561242477,36.91470866769385,-74.28085621506916,-0.7149233843252243,0.43226470126314576,-28667230.0,-0.2099673208812515,-243158736.5436192,32.87658555980836,-0.4282145510620694,-0.4929357726872999,0.06472122162523047,0.06472122162523047,0.043890800322552645,44.8149995803833,45.61708447830271,44.012914682463894,0.266233627732512,3.5795376790341447,44.58829537366515,44.69079671348834,44.76501490713419,47.731306916125014,45.76983180930648,-1,35.25633031336732,48.25680521585164,64.1033578866134,76.30479656757215,47.09000015258789,46.84000015258789,49.157501220703125,49.95000076293945,,44.6542854309082,44.8149995803833,45.913199996948244,47.80780002593994,48.80484994888306,2025-09-10 02:33:07.554146,13.668466971333606,0.02083042130267783,-0.1348314606741674,2.648704946675773,-0.9610380682630648,lower,Below_Cloud,Bullish
12,ARCLK.IS,1.071504,121.8,243.0,132.0,187.4491,185.0,113.672,122.6,121.5,126.2,buy,103.1,152.9,36.23590662007516,28.30482105031421,-97.00584059129848,-0.08189883322749449,1.4542358911606075,81934727.0,-0.27509688171626895,-10586151.82274105,38.324379704722865,-1.018701995597013,-1.116738848244771,0.09803685264775819,0.09803685264775819,0.17360068311613175,123.55999946594238,126.12935731725943,120.99064161462533,0.19642230545217196,4.1588829110107906,122.78073125533592,123.73621907800245,123.34321061981568,133.39692580385824,125.8695096035811,-1,24.305578735161685,34.72225533594526,55.357337012811975,62.33746285264791,127.29999923706055,130.4000015258789,136.65000534057617,139.75,,123.19999967302594,123.55999946594238,126.05799987792969,133.11799957275392,137.5409999847412,2025-09-10 02:33:07.554146,37.550200803212846,-0.07556383046837356,-0.6525285481239762,3.554480556042239,-0.6644978533453694,lower,Below_Cloud,Bearish
13,ASELS.IS,4.686741,173.7,240.0,158.4,188.30112,192.01,37.062,173.5,170.8,174.5,none,54.1,188.7,49.509478358209215,24.964131102948194,27.504271329587464,0.05740878603191855,1.564107550186192,1350612087.0,0.047905488151865065,-4562787.045170359,53.61188404463661,-1.2143050083317064,-1.4849887389312924,0.27068373059958595,0.27068373059958595,-0.04075346475722549,173.3300003051758,175.86858507275164,170.79141553759993,0.6910518724785977,2.9291925957494516,173.2183587807429,172.35067944924427,172.92698167966108,177.3092762166411,175.3737691842018,-1,65.04079564217933,47.08162041135906,95.1687637462965,80.24573857132718,182.0999984741211,176.4499969482422,181.29999923706055,182.3499984741211,,172.8642850603376,173.3300003051758,176.25600036621094,179.28600036621094,177.5780000305176,2025-09-10 02:33:07.554146,88.8558692421991,0.3114371953568114,0.11527377521614035,1.248465787421793,-1.6744873128382576,upper,Below_Cloud,Bullish
14,ASTOR.IS,4.3342237,113.6,276.9,182.97,224.29,213.0,26.21,110.7,110.5,116.6,strong_buy,65.15,130.6,52.0147915777749,21.490353196974915,51.828944013919696,3.7442908439462044,1.545010372422661,98467846.0,-0.014537875937624203,-456049751.2945405,60.54023557640967,0.48186938936794377,0.03892081803925261,0.44294857132869114,0.44294857132869114,0.39374103084417755,112.19499969482422,116.85653352699346,107.53346586265498,0.6507013388598598,8.309699799186838,114.4153132022757,114.71807969443005,112.47947533450365,112.249323900427,111.24821875316925,1,74.58333969116204,84.95160260459816,73.56544108276137,86.13314104569292,114.9000015258789,113.8499984741211,117.62499809265137,116.04999923706055,,112.65714209420341,112.19499969482422,112.76799911499023,114.45199935913087,113.87799980163574,2025-09-10 02:33:07.554146,74.02597402597402,0.04920754048451359,2.619692863595291,2.86666683714214,-5.34025892371921,upper,Below_Cloud,Bullish
15,BERA.IS,0.45450935,17.17,,,,,37.777,16.85,16.8,17.26,none,12.35,18.68,49.23402956981486,17.609976897414924,44.03488752991888,2.0238105239782116,0.19125174007570925,286021042.0,0.052738209132888424,-310024907.05925834,67.22601689152653,-0.06293684473163097,-0.11320529360171995,0.05026844887008898,0.05026844887008898,0.04015455254695826,16.993000030517578,17.368771213384903,16.617228847650253,0.6955969028933772,4.42265853224835,17.12422903459406,17.117691819391712,16.96187448117904,17.356995400378263,17.431684658353245,-1,72.51453378128166,76.67709078342055,82.96562072585186,86.47679294057387,17.690000534057617,17.829999923706055,18.332499504089355,18.264999389648438,,17.015714236668178,16.993000030517578,17.345599975585937,17.76699998855591,17.577250022888183,2025-09-10 02:33:07.554146,76.14533965244868,0.01011389632313072,1.8991097922848699,1.1576657739365226,-3.219401003784206,no-trend,Below_Cloud,Bearish
16,BIENY.IS,1.3657523,43.42,,,,,31.792,43.36,43.14,46.08,none,26.98,51.7,48.21065197694681,16.89489349535825,8.052205177604682,1.3059644231449279,0.6287246314749367,-28659313.0,-0.3141516197026861,-107760927.99295256,41.12378505534707,0.054166014253382855,0.06405998139216265,-0.009893967138779797,-0.009893967138779797,0.03873819762575755,43.41099948883057,44.649481449612615,42.17251752804852,0.5117075334145778,5.705844027390806,43.558133467699406,44.34774033146878,43.52045831904388,44.309171945707355,43.18809953765482,1,23.16845666758088,27.88685583822367,27.166529869276967,31.549264852520437,44.06999969482422,43.35000038146973,43.61000061035156,44.579999923706055,,43.62857110159738,43.41099948883057,43.46479965209961,43.55219966888428,44.10029987335205,2025-09-10 02:33:07.554146,66.50485436893204,-0.04863216476453735,0.13837638376383854,2.831601680360696,-2.873059585332749,no-trend,Below_Cloud,Bullish
17,BIMAS.IS,2.1367896,486.25,985.0,645.0,735.63715,730.33,227.561,487.75,483.25,500.0,strong_buy,399.0,623.0,35.10487019763276,25.02231945208561,-81.8228142971538,-1.3184584178498986,5.401240930250672,98548177.0,-0.22998398016806712,-24284312.41690709,27.772982494914853,-6.058726509450366,-6.2314993277561035,0.1727728183057371,0.1727728183057371,-0.36617371482819083,495.5375,513.4778699794792,477.5971300205208,0.24812392357745652,7.240771880828076,488.9399087221095,490.48995788082203,489.9443079849903,517.7920109881434,499.4700164399677,-1,22.99315633207034,36.163864146672815,60.48668773903821,74.90503366489226,519.0,516.75,530.0,532.5,,490.69642857142856,495.5375,506.945,519.2925,523.27125,2025-09-10 02:33:07.554146,38.950892857142854,0.5389465331339279,-0.3075345976422339,5.5995619495073035,-1.7795105356255392,lower,Below_Cloud,Bullish
18,BRSAN.IS,1.8504796,449.5,,,,,242.91,451.75,446.75,461.0,none,297.5,601.5,38.33580831072609,13.668212077568239,-139.54635108481202,-0.38910505836575876,6.5077762365678815,-3312176.0,-0.2653547251123043,-49116875.8549961,60.05672658043023,-3.6279478770517244,-4.19766472601683,0.5697168489651059,0.5697168489651059,0.6623360245516704,453.375,459.98843329927996,446.76156670072004,0.0936301345486312,2.9174230159492525,451.47616632860036,454.0255461573388,454.9273017828056,437.18762842902584,468.6650408821556,-1,41.40059599829714,52.044048781709385,74.4722951901544,79.57847920841448,470.75,473.375,500.125,474.25,,452.625,453.375,464.56,475.6625,431.09125,2025-09-10 02:33:07.554146,50.0,-0.09261917558656452,-0.49806308799114074,2.3333555726985367,-0.6092176416640616,no-trend,Below_Cloud,Bearish
19,BRYAT.IS,2.6269968,2429.0,,,,,924.63,2430.0,2413.0,2478.0,none,1640.0,3000.0,33.88864873464928,14.994387967363968,-120.09232351499031,-1.5491235222176927,33.883835644348615,971472.0,-0.14440210733305228,-2969041.9883132637,23.52573150274857,-26.32347638734109,-26.43466637491309,0.1111899875720006,0.1111899875720006,0.7571785048228473,2463.2,2519.8475065647785,2406.552493435221,0.07456203350379455,4.599505242349686,2431.397565922921,2443.5353354276217,2491.865800196877,2454.2173658539486,2519.2956912679597,-1,16.749569440433046,18.558785013805494,45.50452179501579,54.70091884045018,2540.75,2592.5,2760.0,2733.0,,2448.1428571428573,2463.2,2513.38,2634.39,2461.4525,2025-09-10 02:33:07.554146,58.01470588235295,-0.6459885172508467,-0.04115226337448874,3.740119660962482,-0.9241460092539677,no-trend,Below_Cloud,Bearish
20,BUCIM.IS,0.69225216,6.71,,,,,9.693,6.79,6.69,6.84,none,6.22,9.25,21.45825716424062,40.913699535735105,-161.55504693625022,-1.7595360612286863,0.04642532624045432,-67884947.0,-0.3793946582957584,-37172994.25788587,21.846601914872146,-0.06608837272528767,-0.06521818354853001,-0.0008701891767576575,-0.0008701891767576575,0.0013010716655565322,6.827500033378601,6.959541637064182,6.69545842969302,0.01719677527898907,3.867934179129976,6.747951247871043,6.774821668871912,6.787975027642702,7.243361251520087,6.860012893369445,-1,8.805923239734117,16.826145182071485,55.68407133954995,73.72106919512446,7.034999847412109,7.164999961853027,7.399999976158142,7.480000019073486,,6.7935715062277655,6.827500033378601,6.957600021362305,7.198699998855591,7.334899988174438,2025-09-10 02:33:07.554146,16.171617161716178,-0.0021712608423141897,-1.178203240058906,3.7189513720444323,-0.2167149077046182,lower,Below_Cloud,Bearish
21,CANTE.IS,0.6044397,2.26,,,,,3.739,2.21,2.21,2.32,none,1.31,2.77,36.65487993258331,33.31951251050477,-64.60672629752042,-2.5862045045697752,0.043376491736878055,-104114035.0,-0.09190166843958851,6645461001.920073,20.42788936781284,-0.04235756265277146,-0.040589522585266,-0.001768040067505465,-0.001768040067505465,-0.005736835447189831,2.3195000171661375,2.4552167127829057,2.1837833215493694,0.2807932677977414,11.702237086644283,2.2625861951352135,2.2690641024268294,2.303713628581868,2.3457884488395155,2.3708209127602835,-1,31.35701524408229,31.378974438669626,68.37447176693131,65.18918742438719,2.434999942779541,2.4549999237060547,2.537500023841858,2.549999952316284,,2.282142843518938,2.3195000171661375,2.3866000461578367,2.4655000257492063,2.385750015974045,2025-09-10 02:33:07.554146,65.06849315068492,0.003968795379684366,2.262443438914019,8.637907645261311,-3.3724194004703723,lower,Below_Cloud,Bearish
22,CCOLA.IS,2.0907829,46.66,85.4,68.3,75.8525,75.0,22.317,47.64,46.28,47.66,none,42.94,68.85,33.63518544035929,31.66873503712269,-118.81039022478022,-0.6814303685325811,0.40299535461157654,-3610240.0,-0.05001553565165461,-12529712.274783613,41.38967822183869,-0.3543131842926357,-0.3395373620755334,-0.014775822217102275,-0.014775822217102275,-0.013919583198442075,47.20399971008301,47.96216612857297,46.445833291593054,0.12804978783029253,3.2122973610137042,46.831419505647425,46.91312769094661,47.32929237677141,49.41857817510673,47.78371157552238,-1,27.51068328231675,29.80517123204392,36.36644954690386,47.98627198662201,48.760000228881836,47.85000038146973,49.30499839782715,51.15999984741211,,47.10428537641253,47.20399971008301,47.880399780273436,49.15620002746582,49.90374994277954,2025-09-10 02:33:07.554146,14.357390968737938,-0.0008562390186602001,-2.0570948782535736,2.790754669037665,-0.4589942314765172,lower,Below_Cloud,Bullish
23,CIMSA.IS,1.4604727,44.8,74.0,63.0,68.0,67.5,30.675,45.18,44.6,46.24,none,29.6,57.4,45.393322089559824,15.204111223278083,-14.61992276512203,-0.882615905940945,0.5526458578276936,258124802.0,-0.0497220101228609,-188625902.2475843,61.25023431007836,-0.11487706205426207,-0.1387068679648933,0.02382980591063122,0.02382980591063122,0.07680652567774564,45.023999977111814,45.98329975327812,44.06470020094551,0.4457928528962404,4.261281879237604,45.02646969298078,45.28600366898313,45.031413170831705,47.6858318992631,43.97411081483296,1,36.245624223517716,46.638043726491325,43.61129835691847,56.81511625464747,45.95000076293945,46.5099983215332,48.06999969482422,49.36000061035156,,45.217142650059294,45.023999977111814,45.449599990844725,47.22149997711182,48.12229986190796,2025-09-10 02:33:07.554146,54.67625899280575,-0.05297671976711442,-0.8410801239486565,2.6412940921386685,-1.6412941943180548,no-trend,Below_Cloud,Bearish
24,CWENE.IS,1.5721673,17.33,,,,,11.023,17.3,17.2,17.75,none,13.31,27.212626,34.15056343112696,17.281261611099943,-45.435709385660275,0.05767144633123584,0.20022402137770262,13533907.0,-0.2849964298843777,-211650328.91642678,44.46779805962819,-0.1727246460665448,-0.20971076965072277,0.036986123584177966,0.036986123584177966,0.018174903646247853,17.44550018310547,17.85300358640829,17.03799677980265,0.38282330790158303,4.671730807666408,17.40298192641314,17.44038520939912,17.39093722328894,18.109529766335793,17.905935230293146,-1,32.7777636492334,41.146939930702665,65.05506862737336,78.55545978870157,18.47499942779541,18.304999351501465,19.147500038146973,19.31999969482422,,17.380000250680105,17.44550018310547,17.931600036621095,18.534200038909912,18.29985005378723,2025-09-10 02:33:07.554146,28.91540058691069,0.018811219937930113,0.1734104046242635,3.0179087501921,-1.6849579930602876,no-trend,Below_Cloud,Bullish
25,DOAS.IS,0.6202007,170.5,323.0,189.61,245.01572,259.9,274.911,172.0,169.6,174.1,none,164.0,250.25,30.432458302346657,41.9656656988721,-124.02117465932908,-0.3506756762782468,1.4422800829164162,1736743.0,-0.15113519828083574,-39432942.44248812,29.077159137926692,-1.377156921204687,-1.4838514297094803,0.10669450850479323,0.10669450850479323,0.17475993651563154,172.52500076293944,175.3084339770407,169.7415675488382,0.13624046147748173,3.2267012917459645,171.45395460767145,172.22007490413537,172.17307567102827,185.36759565828422,174.92068777189996,-1,26.361551545092652,45.0906625048664,58.5891291558947,73.80568690608631,178.25,178.45000457763672,185.89999771118164,191.75,,172.12143053327287,172.52500076293944,175.92400024414061,183.18400024414063,189.8,2025-09-10 02:33:07.554146,7.536231884057972,-0.06806542801083831,-0.8720930232558155,2.820195880962273,-0.44482841710370424,lower,Below_Cloud,Bearish
26,DOHOL.IS,1.6061114,17.24,25.7,20.82,23.04,22.6,10.734,17.7,17.1,17.7,none,12.54,19.7,30.637198357025838,41.79909466604143,-179.90954343334636,-1.7704138314690299,0.18360178575381964,839291290.0,-0.0547693360100616,135266975.2546125,54.30429073604931,-0.1474416108825629,-0.13913547760197886,-0.00830613328058405,-0.00830613328058405,0.0028261835688348476,17.53400001525879,17.826259751690362,17.24174027882722,-0.07140825554247836,3.3336344950066747,17.330030538005712,17.381957457331254,17.592910935379756,18.113402846097777,17.77171510394766,-1,31.693121821261798,36.847745763546754,39.26123634041054,62.98551660535972,17.875,18.145000457763672,18.90499973297119,19.109999656677246,,17.467857360839844,17.53400001525879,17.79479995727539,18.483800067901612,18.567450008392335,2025-09-10 02:33:07.554146,65.64245810055864,-0.011132316849418896,-2.5988700564971823,3.400578606092597,0.010094424751860842,lower,Below_Cloud,Bearish
27,ECILC.IS,0.70994043,54.85,,,,,77.26,57.05,54.85,58.2,none,37.2,72.0,23.1295393853022,33.61627258517381,-205.56992292086946,-3.245611358107182,0.8382150154881675,132396982.0,-0.2741154385693422,-41848773.23340709,34.95379802741666,-0.9944366250117156,-0.9496717037750309,-0.04476492123668474,-0.04476492123668474,0.05656321156133013,57.14500007629395,59.025664841018035,55.26433531156986,-0.030397173338791838,6.582079839752292,55.891988181680986,56.43902282064958,57.27199301712264,59.420734677652646,57.80105945504922,-1,17.340076894367268,30.70998963195868,13.879649368321587,43.32700081953013,59.97500038146973,61.54999923706055,65.07499885559082,67.29999923706055,,56.874999727521626,57.14500007629395,59.543000106811526,62.289000244140624,60.37945011138916,2025-09-10 02:33:07.554146,50.7183908045977,-0.10132813279801486,-3.8562664329535368,7.6128802935606865,0.7553971040471508,lower,Below_Cloud,Bearish
28,ECZYT.IS,0.9855613,223.0,,,,,226.267,227.0,223.0,232.0,none,163.5,260.25,29.5593685123103,28.09861742112359,-125.41255742315138,-1.2372969571358843,2.297060195770991,13306949.0,-0.3430825701369437,-10288859.62958899,34.942294879639526,-2.28358539861037,-2.238611834383547,-0.04497356422682319,-0.04497356422682319,0.1619269550519285,228.14500045776367,233.80520506471254,222.4847958508148,0.08967910346728972,4.961936133241488,225.63052673030336,227.3197472030711,228.74950573739704,232.35492145555855,230.88955411015544,-1,13.241643630840464,31.68254424408384,27.849806565634953,48.77062472727144,237.9000015258789,238.0,242.72500228881836,246.5749969482422,,227.47142791748047,228.14500045776367,234.0120001220703,238.3429997253418,239.0637498474121,2025-09-10 02:33:07.554146,61.49870801033591,-0.2069005192787517,-1.7621145374449365,4.845383437090822,-0.2310332507556967,lower,Below_Cloud,Bearish
29,EGEEN.IS,3.4859924,7905.0,,,,,2267.647,7850.0,7802.5,8037.5,none,6800.0,11867.5,39.994636196262356,16.567980693862612,-32.36797274275977,0.9612303748798462,78.25283695228799,486140.0,-0.030026776664974764,-474571.43014768715,45.900538052848,-36.99015063288607,-48.45411821349553,11.463967580609463,11.463967580609463,12.664439926836609,7924.125,8101.876758078675,7746.373241921325,0.3688479919862082,4.4863441219989655,7920.182555780933,7954.773533015301,7930.297784147448,8145.180779884079,8029.774808378092,-1,57.8347578347578,68.91658013153337,70.384177239557,82.09489834635478,8148.75,8197.5,8558.125,8571.25,,7907.857142857143,7924.125,8040.3,8279.725,8189.9125,2025-09-10 02:33:07.554146,21.805624074987666,-1.200472346227146,0.7006369426751702,2.490534574050285,-2.0066636063083565,no-trend,Below_Cloud,Bearish
30,ENJSA.IS,0.99422926,69.95,122.88,71.0,86.58857,83.0,70.356,68.25,68.2,70.85,none,51.25,79.0,50.51276297377317,31.407095517791962,55.24479237715423,2.1994135881536305,0.806356159925382,92701556.0,-0.017650347020091214,-33126600.179809473,44.45317277499006,-0.0728676586504946,-0.32602874386652525,0.25316108521603065,0.25316108521603065,0.2691475762497479,69.05750007629395,70.72551633230165,67.38948382028624,0.6925931086205409,4.830804052173618,69.79492859134325,69.79283152050452,69.05605193071248,70.73732781069644,68.00413044385814,1,67.14978836704269,74.07411502630848,71.03073376239415,77.2150566414166,70.82500076293945,72.57500076293945,76.67499923706055,76.3499984741211,,69.18571417672294,69.05750007629395,70.21899993896484,73.14149993896484,71.36625003814697,2025-09-10 02:33:07.554146,67.38738738738739,-0.015986491033717243,2.490842490842504,1.1086723835620482,-3.660494895945332,upper,Below_Cloud,Bearish
31,ENKAI.IS,47.37589,66.8,100.34983,67.985565,86.112434,89.34186,1.41,67.9,66.65,68.9,none,42.6,76.0,31.534857663640647,15.051114952327701,-172.46378133638115,-1.4749261872991517,0.7094656649351563,562444992.0,-0.2942839399755121,-94407415.32358816,32.85196815025618,-0.47636533988949736,-0.40533615619799557,-0.0710291836915018,-0.0710291836915018,-0.038006376777410415,68.0050006866455,69.22315528004566,66.78684609324534,0.005400364856706662,3.5825441691065905,67.2566447228979,67.5911571867375,67.92854474371026,70.4583169679091,68.99297333318306,-1,16.647217228932103,27.30209385424892,15.696100135599565,38.239809423198786,69.45000076293945,69.07500076293945,72.35000038146973,72.92499923706055,,67.71428625924247,68.0050006866455,68.50600006103515,70.50199981689452,71.70074996948242,2025-09-10 02:33:07.554146,72.45508982035928,-0.03302280691409138,-1.620029455081018,3.6274779641402244,-0.0196914771776191,no-trend,Below_Cloud,Bullish
32,EREGL.IS,0.689619,26.26,39.7,15.943,29.27025,30.05,38.079,26.64,26.1,26.86,none,20.1,30.38,26.112485750489615,35.28037816218612,-86.26581381739382,-0.4542045378004083,0.2481779144266896,3780414235.0,-0.4189262889413126,-1237352698.6559305,57.79902379542032,-0.37886733893711266,-0.42940312353494814,0.050535784597835476,0.050535784597835476,0.039026651492084743,26.63100004196167,27.290269079355372,25.971731004567967,0.24896378706811928,4.951139922307926,26.420851769360276,26.5692498638472,26.537955734411955,28.28982802142491,27.022644842523913,-1,29.298190166501815,40.96252644169241,67.2998673674498,78.80713673730627,28.420000076293945,28.979999542236328,29.789999961853027,29.869999885559082,,26.502857208251953,26.63100004196167,27.703600006103514,28.752399959564208,28.624099998474122,2025-09-10 02:33:07.554146,59.92217898832687,0.011509133105750732,-1.4264264264264193,3.9233399823129123,-1.097749411393889,lower,Below_Cloud,Bearish
33,EUPWR.IS,2.3427029,26.92,,,,,11.491,26.9,26.8,27.46,none,23.3,40.18,36.38983012177955,30.180399035429932,-43.19010981433946,-0.14815153899016203,0.2908226459667153,19093446.0,-0.2636353315120572,-206807057.1640426,40.486697210181376,-0.21010798400222086,-0.2632070217239524,0.053099037721731523,0.053099037721731523,0.03932524329324759,27.09400005340576,27.622409376563798,26.565590730247724,0.3732034399655855,3.9005633875874683,27.07141961722538,27.13764343662412,27.0487670740489,29.417474799383957,27.746934393610285,-1,42.59263674422335,60.02188584628033,63.41847170335786,77.51349196447792,28.369999885559082,28.380000114440918,29.545000076293945,30.4399995803833,,27.03714288984026,27.09400005340576,27.745600051879883,28.74020004272461,30.015000038146972,2025-09-10 02:33:07.554146,21.44549763033176,0.013773794428483935,0.07434944237918462,2.609247312644114,-1.316527747965368,lower,Below_Cloud,Bearish
34,EUREN.IS,1.8696437,8.29,14.72,14.72,14.72,14.72,4.434,8.21,8.11,8.82,none,3.970095,14.59,43.846386159144096,25.26890950599998,36.245123062787904,2.4752451875445414,0.1997386315458318,1743429564.0,-0.2410308405728639,-1612076100.8890448,48.44218352830081,-0.0795378891309717,-0.12317380415903743,0.04363591502806573,0.04363591502806573,0.04377179189635565,8.263000059127808,8.600704162067442,7.925295956188173,0.5251694807605317,8.173886010483233,8.359563761744006,8.461826043581238,8.217092498219115,8.012778749928284,7.937987712550367,1,44.166646798432794,50.22415277671527,60.62228519078476,64.31469657979417,9.09499979019165,9.315000057220459,8.994999766349792,8.559999704360962,,8.3121429170881,8.263000059127808,8.797000007629395,8.545599985122681,7.932549982070923,2025-09-10 02:33:07.554146,40.67743543845259,-0.00013587686828991918,0.9744214372715998,3.74793922879908,-4.399325015824196,upper,Below_Cloud,Bearish
35,FROTO.IS,2.5707648,102.9,224.0,109.86,146.53833,143.0,40.027,105.6,101.8,105.7,none,78.85,118.3,35.01050778963084,28.324953793938008,-129.18279193545837,-1.6267913380308014,1.258327909876958,68329991.0,0.02294763958761033,-175428.4475883419,29.52790178297388,-0.6481227172713062,-0.5587439149188853,-0.0893788023524209,-0.0893788023524209,-0.05719639503561878,104.56999969482422,106.83194440776421,102.30805498188423,0.10874449473925706,4.32618288140236,103.36196909473102,103.50709994772627,104.5392647551871,106.88990713159475,106.68078442215041,-1,39.16676839192706,45.841974324788055,32.72621245837622,52.755585122402614,105.25,105.6500015258789,111.04999923706055,113.20000076293945,,104.03571428571429,104.56999969482422,104.99799987792969,109.06199989318847,109.01650009155273,2025-09-10 02:33:07.554146,60.96324461343475,-0.03218240731680212,-2.5568181818181657,3.821131591607596,-0.5752624082757785,lower,Below_Cloud,Bearish
36,GARAN.IS,1.5370746,138.1,208.9,105.0,161.65714,162.5,89.846,137.6,134.9,139.4,buy,97.2,154.5,52.752188460839506,10.777974894936225,64.78734178724696,1.1730250550670034,1.6354501633862346,848363298.0,-0.13486674907801818,-145964783.02450812,54.748652085265974,-0.11168619278319625,-0.39723344961747464,0.2855472568342784,0.2855472568342784,0.1670713786621402,137.04500045776368,139.10943856971534,134.98056234581202,0.731297692264917,3.0127886534436623,137.8972614590101,137.46230684330638,137.22612705202695,142.249454231232,140.04159451701466,-1,68.88902452256947,74.26084384162786,79.96166922188814,86.96841667428588,137.1999969482422,141.0999984741211,146.8249969482422,146.75,,136.92142922537667,137.04500045776368,137.5220004272461,142.13800048828125,144.05099975585938,2025-09-10 02:33:07.554146,71.3787085514834,0.1184758781721382,0.363372093023262,0.7309475522920605,-2.2588252383692775,no-trend,Below_Cloud,Bearish
37,GENIL.IS,6.577975,160.2,120.0,120.0,120.0,120.0,24.354,164.9,159.2,166.2,none,79.95,216.0,33.30198495673873,35.36550891335467,-120.48727741689494,-2.065619094288003,1.918215431385093,64279292.0,-0.2168412003618216,-4284435.281495456,16.662089038758527,-2.124492028935407,-1.9140469839596386,-0.21044504497576844,-0.21044504497576844,-0.22076098217589835,164.2599998474121,169.02839593977924,159.49160375504496,0.17913708929632344,5.805912695478754,161.21277791733192,161.8811047253267,162.74608692171947,179.6436286075695,166.2160260042061,-1,12.12819149309444,16.992748914068716,24.59229559464252,29.622213207653044,169.5999984741211,169.3000030517578,177.625,192.0,,162.97857121058874,164.2599998474121,167.08600006103515,178.98300018310547,185.63000022888184,2025-09-10 02:33:07.554146,58.98566703417859,0.01031593720012991,-2.850212249848405,5.510858888751091,-0.4421949094600697,lower,Below_Cloud,Bullish
38,GESAN.IS,1.6821557,43.26,,,,,25.717,42.94,42.94,43.8,none,37.68,56.8,35.820828896039096,27.584620181663993,-36.72328244606369,0.2781616448366471,0.4118919032576657,-64086636.0,-0.2799571809918354,-306024134.81644815,33.811322683755,-0.42399748155349215,-0.521624908009199,0.09762742645570688,0.09762742645570688,0.05702811127761443,43.45599994659424,44.36863144655048,42.543368446638,0.3926173241497612,4.200255435741118,43.338640213012695,43.34748414599452,43.22673989624338,47.37628441309786,44.36116435104891,-1,51.28207949724294,64.46667586089455,73.83703419485165,83.03161770411549,45.6299991607666,46.03999900817871,47.97500038146973,49.65999984741211,,43.26571410042899,43.45599994659424,44.632800064086915,46.65040008544922,48.47909999847412,2025-09-10 02:33:07.554146,29.184100418410036,0.04059931517809245,0.7452258965999103,2.562717167245676,-1.6565685468377223,upper,Below_Cloud,Bearish
39,GLYHO.IS,2.1188028,9.06,,,,,4.276,9.22,9.01,9.34,none,4.9,9.88,38.58449990319504,18.5219484927805,-96.54703867763588,-1.6286603464602478,0.11136444026708642,531594716.0,-0.028885201031701474,225765804.36644146,42.62541810141033,-0.05312666159165502,-0.03193068743510846,-0.02119597415654656,-0.02119597415654656,-0.02690660591640421,9.233999967575073,9.527489338428676,8.94051059672147,0.20356754751917808,6.356711541784331,9.097342952511614,9.10185866684357,9.22529733577574,9.12768113023433,9.395358889836112,-1,22.2943480776366,25.51943821134705,21.400222839667666,26.64298519824491,9.200000286102295,9.164999961853027,9.212499856948853,9.164999961853027,,9.155714239392962,9.233999967575073,9.212400016784668,9.150899982452392,9.160849952697754,2025-09-10 02:33:07.554146,83.53413654618474,0.00571063175985765,-1.7353579175705014,5.159926472722698,-1.318867585855743,no-trend,Below_Cloud,Bullish
40,GUBRF.IS,3.7672048,268.5,,,,,71.273,270.0,263.0,271.5,none,163.7,318.25,39.47127127610936,31.80324062211157,-47.04837993786007,0.3777148253068933,3.263197249369479,322274459.0,-0.23880947122241908,-54994022.22264691,40.457880358933394,-2.2877893471962807,-2.810873889163971,0.5230845419676902,0.5230845419676902,0.671631201684747,267.2375,272.5536898950724,261.9213101049276,0.3600971720951144,3.978625675717216,266.85141987829616,268.0198749455163,266.3524442463562,276.8200454995761,274.5083423708067,-1,34.31372549019608,51.80738962251573,64.45932574657114,76.75469673937756,283.0,284.375,293.25,293.625,,267.55357142857144,267.2375,275.795,284.4275,280.00125,2025-09-10 02:33:07.554146,67.80977030087351,-0.14854665971705683,-0.5555555555555536,1.5097541508649615,-2.4501638342913967,upper,Below_Cloud,Bearish
41,HALKB.IS,0.9348864,24.48,37.54,16.0,26.665,26.94,26.185,24.4,24.12,24.68,hold,14.12,29.18,43.92027354627446,16.109093056129634,24.04706127561715,0.9933765423590082,0.26685925052365994,1527435266.0,-0.1054131718904753,-491872783.3787283,57.47854205298351,-0.15247029480589802,-0.2233915428986021,0.07092124809270409,0.07092124809270409,0.050751892493161775,24.358000087738038,24.938882238281504,23.77711793719457,0.5361515074554635,4.769538947788131,24.443549707501703,24.42370332145621,24.34314378403299,26.344864961451908,24.919050925601194,-1,66.66666666666667,73.14817604944932,80.04072306086682,86.47939132524426,25.039999961853027,25.960000038146973,27.09499979019165,27.630000114440918,,24.312857219151088,24.358000087738038,24.87800003051758,26.145800018310545,26.825400009155274,2025-09-10 02:33:07.554146,68.79150066401063,0.02016935559954231,0.3278688524590345,1.8745189472283652,-2.871250256558122,no-trend,Below_Cloud,Bearish
42,HEKTS.IS,2.1892817,3.84,4.3,4.3,4.3,4.3,1.754,3.79,3.74,3.9,none,2.83,5.27,32.72451253857654,38.445859233650076,-52.90449005570899,0.5277039875413395,0.0631732264664767,2924556014.0,-0.18787735996172275,-663906985.3570743,34.18880987321856,-0.07896819207271877,-0.09217427106666815,0.013206078993949377,0.013206078993949377,0.006064300357239994,3.866999959945679,4.027012485056188,3.706987434835169,0.321888889239228,8.275796574497887,3.8275658489482636,3.8357252907593855,3.8284681072367417,4.304624176588287,3.958272466291075,-1,46.57471475800847,51.366134641776135,84.02336715457211,88.9003254760673,4.210000038146973,4.315000057220459,4.447499990463257,4.690000057220459,,3.8242856434413364,3.866999959945679,4.089399948120117,4.354799971580506,4.515649983882904,2025-09-10 02:33:07.554146,41.39344262295082,0.007141778636709383,1.319261213720302,4.870116798338242,-3.463868884500798,upper,Below_Cloud,Bearish
43,IMASM.IS,1.2670765,3.71,,,,,2.928,3.8,3.67,3.89,none,2.21,4.93,32.726898843173146,15.45119391652648,-141.62541001414445,-3.1413583156064124,0.056999931086346114,455342265.0,-0.2034883259688765,-381360251.4908277,22.76136031934271,-0.04256151537423625,-0.029616983623107322,-0.012944531751128925,-0.012944531751128925,-0.012304058553135128,3.821499967575073,3.9712029933486304,3.671796941801516,0.09419684651150695,7.834778335405876,3.72842801245908,3.753062699900344,3.795979862619803,4.01725078768431,3.8682514672702397,-1,12.566830675854318,18.6274255303174,0.0,17.58548205432442,3.96999990940094,3.859999895095825,3.8750000596046448,4.025000095367432,,3.784285681588309,3.821499967575073,3.8429999923706055,3.8934000015258787,4.114449977874756,2025-09-10 02:33:07.554146,55.14705882352941,-0.0006404731979937975,-2.368421052631575,7.04051195009785,-1.0297320269133103,no-trend,Below_Cloud,Bullish
44,IPEKE.IS,1.5439125,60.35,,,,,39.089,59.0,58.6,61.95,none,32.78,72.55,52.84998349612905,29.06745015994544,61.50579553138105,-2.1880101655189086,1.1632261785060012,96037791.0,-0.18741547619297946,-131699559.44895718,50.76318042967523,0.5220765111812398,0.4566164108218208,0.06546010035941896,0.06546010035941896,0.10952993663398009,60.037499809265135,62.053901271991236,58.021098346539034,0.5774891981166964,6.717140017929011,60.788183750052,60.99068782000341,59.491486844245365,57.64643303294182,57.857282037326634,1,54.72223493787976,57.777800383391146,44.683061165550754,50.46281664421423,58.85000038146973,57.67500114440918,59.44999885559082,58.77499961853027,,60.31785692487444,60.037499809265135,59.1039998626709,59.011499938964846,56.237999992370604,2025-09-10 02:33:07.554146,69.32361076188083,-0.044069836274561125,2.2881355932203418,2.823365819372392,-3.8589919692808117,lower,Above_Cloud,Bullish
45,ISCTR.IS,0.94547725,13.63,21.47,13.0,17.39583,16.95,14.416,13.47,13.26,13.67,buy,10.07,16.6,54.30444040549816,11.384554711062481,65.27416719093947,1.947560058263427,0.17404857771999024,12715809208.0,-0.15139981006747874,1773132344.2652245,65.53614295032179,-0.022840122309695232,-0.061134057772542084,0.03829393546284685,0.03829393546284685,0.023996941420468668,13.450999975204468,13.741578543535372,13.160421406873564,0.7735915494148096,4.320549682054208,13.557484625802804,13.492301572816624,13.502042218521366,14.323675608386067,13.797283313460163,-1,72.04181724752513,75.48102354843503,79.39309625506576,83.75223026290085,13.37999963760376,14.055000305175781,14.942500114440918,15.015000343322754,,13.436428546905518,13.450999975204468,13.503599967956543,14.313799953460693,14.550049958229065,2025-09-10 02:33:07.554146,54.517611026033684,0.014296994042378185,1.187824795842607,0.8186246774422035,-3.445184102174892,no-trend,Below_Cloud,Bearish
46,ISDMR.IS,0.9063323,36.44,,,,,40.206,36.38,36.36,37.1,none,33.26,44.66,33.83144865962321,32.5272949451787,-77.58998329476994,-0.218703737151729,0.2810550629095585,28828259.0,-0.30443728486390087,-65616042.349571034,30.524284753006853,-0.2724318579318066,-0.3224368161512548,0.050004958219448226,0.050004958219448226,0.04423314255838,36.79000015258789,37.37480768282027,36.20519262235552,0.25205504580912197,3.179165685277869,36.665253842336405,36.773998436016015,36.66931233508086,38.73322266509211,37.295501961287144,-1,37.71940831907004,55.68103815717228,63.642551084636615,77.46194967037972,38.02000045776367,38.60000038146973,40.10000038146973,40.31999969482422,,36.681428636823384,36.79000015258789,37.52640007019043,38.852199935913085,39.37340000152588,2025-09-10 02:33:07.554146,27.894736842105267,0.0057718156610682275,0.16492578339746267,2.5653339265100827,-0.6443671175754062,lower,Below_Cloud,Bearish
47,ISMEN.IS,2.4809048,41.9,67.38,58.93,63.155,63.155,16.889,41.66,41.58,42.52,none,30.56,54.15,38.97271107952836,15.09973512315528,-100.45964390345159,-0.6199292561913111,0.4264134286448112,-16027112.0,-0.259194040247729,-90108607.73243752,48.0015008425338,-0.19955055662929055,-0.2013962937827466,0.0018457371534560396,0.0018457371534560396,0.0017789771924145317,42.06299991607666,42.62815879521493,41.4978410369384,0.16115757441087583,2.6872019602304222,41.89075045556616,42.04892020984509,42.111905010868654,42.47711986926214,43.036443622797556,-1,27.65943631678267,44.61738402099041,50.8734163292115,68.80703852137954,42.89999961853027,42.89999961853027,44.51000118255615,43.8700008392334,,41.98571423121861,42.06299991607666,42.36,43.28820011138916,42.49050006866455,2025-09-10 02:33:07.554146,48.07121661721068,6.675996104150788e-05,0.5760921747479664,1.7378491532575868,-0.9598065944190992,no-trend,Below_Cloud,No_Data
48,IZMDC.IS,0.6886932,7.9,,,,,11.471,8.13,7.8,8.29,none,4.49,9.52,36.68288319088823,17.829984272206634,-101.93697240547863,-1.61490821566118,0.18351083232096935,106587082.0,-0.2574197490245368,151236.77426035868,38.87587429738144,-0.11608765020757872,-0.0896639067560814,-0.026423743451497325,-0.026423743451497325,-0.03976283977682968,8.159000062942505,8.574735516924193,7.743264608960818,0.21255760801785326,10.190843259578417,7.971490860952566,8.060551514190589,8.143392098767691,7.148693279043882,8.411812886403093,-1,18.483109786866986,21.913168130710805,2.0895635749229204,26.474794682074986,8.970000267028809,8.480000257492065,7.4374998807907104,7.229999780654907,,8.055714334760394,8.159000062942505,8.357400007247925,7.610900001525879,6.900900001525879,2025-09-10 02:33:07.554146,67.79324055666005,0.013339096325332353,-2.829028290282909,8.540955910432825,-1.9839922916352282,no-trend,Above_Cloud,Bullish
49,KARSN.IS,1.6745702,11.3,,,,,6.748,11.72,11.29,11.8,none,8.63,19.46,30.882817561647006,15.425312657009387,-180.9041635349286,-3.501279641985288,0.17357862676257818,346828619.0,-0.3925175968221716,-851622552.1316546,19.417589938861106,-0.1353857048434115,-0.10104293860589562,-0.03434276623751588,-0.03434276623751588,-0.025693153526456576,11.715999937057495,12.097177043986319,11.33482283012867,-0.04567776862883541,6.506949624046478,11.456947293774835,11.575117935087853,11.701640600045767,11.386716364187182,11.901177560186555,-1,14.725461927803748,22.090895763716247,7.559614513436833,31.4955835000741,12.200000286102295,12.005000114440918,12.31000018119812,11.975000381469727,,11.62785714013236,11.715999937057495,11.85640001296997,11.948800029754638,11.280900025367737,2025-09-10 02:33:07.554146,24.653739612188367,-0.008649612711059303,-3.583617747440271,7.054664106073605,0.3081666383068171,no-trend,Below_Cloud,Bullish
50,KAYSE.IS,0.39064136,20.52,,,,,52.529,20.4,20.36,21.3,none,15.96,24.64,46.64603061129339,11.504706626092355,-32.59274003146848,0.9823126208018659,0.2687223742165431,38630085.0,-0.10893562757174799,-147423382.44192404,37.3263956064733,-0.04529811120580263,-0.0472689743592192,0.0019708631534165744,0.0019708631534165744,0.01015044559858928,20.619000148773193,20.970107067420916,20.26789323012547,0.4159790370152074,3.405663864536258,20.590709916476545,20.64410893095631,20.78886349600785,20.74015382179968,21.21470606832308,-1,26.00008646647137,30.343434095359573,39.58487729796326,42.7623805262636,21.00999927520752,21.020000457763672,21.280000686645508,21.140000343322754,,20.6242858341762,20.619000148773193,20.726800079345704,20.916600036621094,20.735200033187866,2025-09-10 02:33:07.554146,52.53456221198155,-0.008179582445172705,0.588235294117645,2.1935042271974403,-1.2285904964645655,no-trend,Below_Cloud,Bearish
51,KCAER.IS,2.6916077,13.31,21.5,20.53,21.015,21.015,4.945,13.4,13.02,13.49,none,9.92,17.014578,34.98159398377657,38.309026063644865,-78.05253611690962,0.15004094432216078,0.1654297821796675,100970415.0,-0.20947654193046186,-149094595.83100462,32.6714556989237,-0.19899037507636486,-0.22439661285805743,0.02540623778169257,0.02540623778169257,0.010332957612309932,13.448000049591064,13.846276334110854,13.049723765071274,0.3769702441114492,5.923204685471444,13.335192850588784,13.32616668135771,13.375951992205835,14.597383864883279,13.668270983517983,-1,57.41901016152912,52.85063798349275,76.60383532797177,80.69261217939213,14.335000038146973,14.489999771118164,15.375000238418579,15.820000171661377,,13.360714299338204,13.448000049591064,13.925,14.742100019454956,14.827250022888183,2025-09-10 02:33:07.554146,47.78296890949681,0.015073280169382638,-0.6716417910447747,4.029123471907248,-1.9554938762488816,upper,Below_Cloud,Bearish
52,KCHOL.IS,0.7071443,166.0,325.2,240.0,282.87778,279.2,234.747,166.0,164.4,169.4,strong_buy,133.7,207.8,42.00956996436671,20.26270879320841,-20.49776118214051,0.7290382161271118,1.8915313978493205,889297030.0,-0.17124673420294553,-27573395.008776236,42.03204787502085,-0.6497026672560366,-0.9289185617422244,0.2792158944861878,0.2792158944861878,0.3974613637754141,166.22999954223633,169.948116572495,162.51188251197766,0.4421755034901899,4.473460916197567,166.58103356351717,167.2936981507575,165.83160353064454,176.3951563407818,169.88093813138272,-1,49.50227518510858,62.35611878841775,62.14842536399971,73.32763430410274,169.04999542236328,174.60000610351562,184.37499618530273,186.1999969482422,,166.39999934605189,166.22999954223633,168.5239990234375,177.39599929809572,179.55899925231932,2025-09-10 02:33:07.554146,43.58974358974359,-0.1182454692892263,0.0,2.3783834774066204,-2.1012755951941853,upper,Below_Cloud,Bearish
53,KMPUR.IS,3.5050275,17.08,25.0,25.0,25.0,25.0,4.873,17.71,17.08,17.87,hold,12.81,22.73,42.01853923479818,15.86468847546206,-42.47456532297113,0.40744874028395733,0.3017731439012029,17392354.0,-0.2827198696272368,-54429880.06167028,36.579719238401424,-0.07339709400192973,-0.05372893463393465,-0.019668159367995083,-0.019668159367995083,-0.018285626863708847,17.446000003814696,18.028834453079217,16.863165554550175,0.33185619513222975,6.681582587837668,17.346865978976048,17.524589935507528,17.507374387639977,17.020939183666865,17.985028933486486,-1,37.27586951825446,51.13490624598361,38.214380777085466,58.358964211534065,17.97000026702881,17.619999885559082,17.72249984741211,17.84000015258789,,17.385714394705637,17.446000003814696,17.508200035095214,17.574599952697753,16.94494994163513,2025-09-10 02:33:07.554146,43.04435483870965,-0.0013825325042862366,-3.5573122529644396,5.555236844726097,-1.2695225143432243,no-trend,Below_Cloud,Bullish
54,KONTR.IS,3.0155263,24.86,60.0,60.0,60.0,60.0,8.244,24.92,24.7,25.76,none,19.87,51.35,38.55010769439646,15.74214163415056,-46.986785857627765,0.969304397817457,0.35022233968757865,-84998455.0,-0.21229465325101096,-586004952.6510557,43.902187010508335,-0.22459436747480055,-0.2817028198988422,0.05710845242404167,0.05710845242404167,0.04333220573714848,25.182000064849852,25.921827137090172,24.44217299260953,0.3769982394002389,5.875840444246553,25.155638694763184,25.295645526962943,25.035573208365626,26.43854727527844,25.678613930230096,-1,48.38703392363734,63.923297225302896,63.956912353792156,76.98850309792707,26.679999351501465,26.149999618530273,27.44000005722046,30.049999237060547,,25.084285736083984,25.182000064849852,25.848799896240234,27.333999938964844,26.830299930572508,2025-09-10 02:33:07.554146,15.851334180432014,0.013776246686893187,-0.24077046548957037,4.271227421923474,-1.6807200619085583,no-trend,Below_Cloud,Bullish
55,KONYA.IS,6.675434,5025.0,,,,,752.76,5030.0,5012.5,5127.5,none,4580.0,8000.0,44.83246411966887,17.362182513695604,-14.713129179865692,0.8512769153730596,55.59399729973762,332416.0,0.12041843108038283,-343174.50976694026,40.10661927858721,-6.630973954855108,-10.77186339584927,4.140889440994162,4.140889440994162,9.170623028261994,5048.75,5145.309567107758,4952.190432892242,0.42880042645253713,3.8250880755734817,5055.385395537525,5074.092891855495,5054.003343263682,5329.558460756557,5140.826144261739,-1,53.92156862745102,64.98729121278144,57.08972244434926,69.38260594965647,5115.0,5098.75,5435.625,5520.0,,5058.75,5048.75,5074.55,5269.075,5376.75,2025-09-10 02:33:07.554146,13.011695906432749,-5.029733587267833,-0.09940357852882276,2.3942202409504176,-1.4489466091096137,no-trend,Below_Cloud,Bullish
56,KORDS.IS,0.8555586,64.8,103.0,75.1,88.7425,88.435,75.74,63.45,63.45,65.45,none,51.7,78.55,44.90147247286263,17.07039840515924,16.35121551850205,0.5426332932109981,0.7442711866491208,6949047.0,-0.17475254412418176,-5515301.252879054,40.9386432052104,-0.4526513464554398,-0.6480103666187678,0.19535902016332796,0.19535902016332796,0.09218261863725269,64.7700002670288,66.51338683416776,63.02661369988986,0.5229433358614115,5.383314991358503,64.91353870260305,64.83523887015622,64.80039306484723,65.50235213578804,66.0569895876706,-1,75.6098256896554,74.11684754643962,89.5034463959637,92.59809131535827,67.20000076293945,68.79999923706055,69.57500076293945,69.20000076293945,,64.46071434020996,64.7700002670288,66.34800010681153,67.70200008392334,65.5267501449585,2025-09-10 02:33:07.554146,48.789571694599616,0.10317640152607527,2.127659574468077,2.6441154848267923,-2.7367072532563874,no-trend,Below_Cloud,Bearish
57,KOZAA.IS,1.3656819,74.05,96.1,90.28,93.19,93.19,54.222,75.25,73.7,78.05,none,54.4,94.5,33.67881539284766,18.29975535436574,-127.3481365745639,-2.8852418993340163,1.215385822843062,215081650.0,-0.39997436475915077,-189500606.9091201,16.198868870134252,-0.6470868385436717,-0.40990077067528974,-0.23718606786838192,-0.23718606786838192,-0.13937751805013227,76.89750061035156,80.16514079673965,73.62986042396346,0.06428838608738555,8.49869023167762,75.22844995494788,76.11516127186766,76.20768740951192,76.7464267285666,78.0844269991385,-1,19.2746695882804,30.592131942801274,34.17754226693307,44.58969547106073,78.39999771118164,75.9749984741211,78.52499961853027,78.0250015258789,,76.12142944335938,76.89750061035156,77.27100036621094,77.485,75.48975021362304,2025-09-10 02:33:07.554146,49.00249376558603,-0.09780854981824966,-1.5946843853820614,8.258123965887453,-0.5673728238170583,no-trend,Below_Cloud,Bullish
58,KOZAL.IS,2.098088,23.7,40.0,27.0,31.044,29.2,11.296,23.4,23.3,24.04,none,18.47,30.08,44.623757866383926,12.2135269859154,-61.641830664823345,0.3404252072598072,0.30110194732303147,1493359621.0,-0.14035945164972535,-1082433791.3741736,29.19191087656209,-0.029484445696063233,-0.026842652710479916,-0.002641792985583317,-0.002641792985583317,-0.0013673270270885204,23.7710000038147,24.353885613573127,23.18811439405627,0.3361598940589712,4.904174074838148,23.6888234620162,23.77587708643163,23.67812242481606,23.90484650155323,24.199316138449348,-1,53.76345078398712,59.677446093891184,63.28601407158308,71.31547528469268,23.820000648498535,23.539999961853027,24.210000038146973,24.6299991607666,,23.651428631373815,23.7710000038147,23.70400001525879,24.06060001373291,23.93540005683899,2025-09-10 02:33:07.554146,45.047372954349704,-0.0012744659584947964,1.2820512820512775,2.7590110277347035,-2.159854877399703,no-trend,Below_Cloud,Bullish
59,KRDMD.IS,0.49724284,25.88,50.95825,29.065992,39.490997,39.331856,52.047,25.76,25.68,26.4,none,21.16,34.06,36.99977304610965,30.789009057682215,-32.53361249254822,0.30911872604436735,0.274218714435417,1713848565.0,-0.1408791233028879,-255931108.84702313,59.669078671239056,-0.2309360449072031,-0.2929247474696745,0.06198870256247141,0.06198870256247141,0.04636875336226661,26.07899990081787,26.60168139842251,25.55631840321323,0.38616316352255275,4.0084474066679885,26.0676262528611,26.108668525376913,25.983844864918684,27.974005765972716,26.601830551872624,-1,47.74765254283151,64.4237219346216,66.25005545564609,78.52418443918039,27.40999984741211,27.18000030517578,29.085000038146973,29.960000038146973,,26.01714256831578,26.07899990081787,26.719599990844728,28.254200019836425,28.559799976348877,2025-09-10 02:33:07.554146,36.589147286821685,0.015619949200204798,0.46583850931676274,2.7885680000869772,-1.2507016877386756,upper,Below_Cloud,Bullish
60,KZBGY.IS,0.90989125,14.47,,,,,15.903,13.89,13.89,14.58,none,5.1,14.94,57.97181213000405,24.153137957969687,93.74509492744568,4.034578251622294,0.2156447415243932,183925799.0,0.004578104504062996,10131252.836649846,58.4086758354673,0.049093142210535845,0.0074253304648451285,0.04166781174569072,0.04166781174569072,0.014198252239543243,14.159500074386596,14.62333094029118,13.695669208482013,0.802372617494593,6.551514721111041,14.401500939839268,14.371609480878792,14.168990022023376,13.85877688331112,14.543168275854848,-1,84.6125179174219,83.72027691176444,91.63787142026791,87.7488245230844,14.5,14.164999961853027,13.62250018119812,13.529999732971191,,14.177142892565046,14.159500074386596,14.220200061798096,13.866700010299683,13.934500026702882,2025-09-10 02:33:07.554146,95.22357723577237,0.027469559506147476,4.175665946724272,1.0596471340095226,-5.351283977318511,upper,Above_Cloud,Bullish
61,MAVI.IS,2.6919217,40.22,67.83,50.0,60.055,61.25,14.941,40.48,39.68,40.76,strong_buy,29.92,50.1,34.95171871675579,48.70674079811197,-55.67596823716428,-0.39643172693875656,0.4893915635353125,121039005.0,-0.04707955775433933,1383260.5175081547,43.52574961955251,-0.6393864343144884,-0.7256195021240229,0.08623306780953455,0.08623306780953455,0.019073700276514886,40.542000198364256,41.79960996085009,39.28439043587842,0.3640279975448046,6.20398478778842,40.168662069293596,40.07207903414569,40.32584354887397,42.46190643224945,41.43906433624936,-1,41.77630507940339,36.70084767514097,93.62233763949807,89.8681481260656,43.53000068664551,44.13999938964844,44.980000495910645,44.510000228881836,,40.254286084856304,40.542000198364256,42.2592000579834,43.32920009613037,42.40809999465942,2025-09-10 02:33:07.554146,51.040634291377586,0.06715936753301965,-0.6422924901185678,3.9274240697416474,-2.3262296472441046,lower,Below_Cloud,Bearish
62,MGROS.IS,1.1670058,430.75,982.0,650.0,764.5833,751.7,369.107,439.75,430.25,442.0,strong_buy,397.0,600.0,25.42941080510943,33.440316346535916,-126.62858288234139,-2.432126696832579,4.063237350098694,14414490.0,-0.2919520554516395,-7838559.63300375,19.488196817133005,-6.192791213597502,-6.0102609939514995,-0.18253021964600258,-0.18253021964600258,-0.2725964041021469,442.025,456.3636714865416,427.68632851345836,0.1242678406394388,6.487719693022618,434.2593813387424,436.1987692701947,437.95793193890745,481.8487227104209,444.3700267645784,-1,9.62125075456724,17.314221768862726,48.129407614968294,68.87266544000474,461.75,467.5,483.0625,489.375,,438.23214285714283,442.025,453.325,471.5575,489.8625,2025-09-10 02:33:07.554146,16.625615763546797,0.09006618445614434,-2.046617396247863,5.946296340462354,-0.7112412040723437,lower,Below_Cloud,Bearish
63,MIATK.IS,3.9868236,42.36,,,,,10.625,42.08,41.88,42.58,none,26.78,48.5,46.67161744920675,13.619809601682748,1.2076889058613578,0.28504216373261165,0.39279721689604175,208217160.0,-0.22309420079587503,-571248806.8229939,36.746556867876365,-0.1070193110511255,-0.12375589668476268,0.016736585633637183,0.016736585633637183,-0.015044158889995302,42.260999870300296,42.80542275792302,41.71657698267757,0.4623466880900291,2.576478972544737,42.210832367562375,42.235227163127604,42.20818661323104,40.677886830120926,41.83572825171999,1,47.74770130644493,48.16015224978012,64.98483314857589,72.95361460912784,43.19999885559082,42.40999984741211,42.70499897003174,42.65999984741211,,42.13428579057966,42.260999870300296,42.475599975585936,42.39100009918213,40.705100021362306,2025-09-10 02:33:07.554146,71.73112338858195,0.031780744523632484,0.665399239543718,1.0515173699787939,-1.5189400786648433,no-trend,Below_Cloud,Bullish
64,ODAS.IS,0.5805763,5.44,,,,,9.37,5.55,5.38,5.62,none,4.38,6.98,25.41413965906938,41.348934676506396,-131.51577058884263,-3.208561513224411,0.07354393808445238,31686473.0,-0.5015520978929932,-177533574.09464663,11.631839226179249,-0.11946814466911881,-0.1187056694233214,-0.0007624752457974088,-0.0007624752457974088,-0.003660275396795968,5.598999977111816,5.827376934373648,5.370623019849985,0.12999737189020197,8.157776681386496,5.473265568092919,5.503493940317667,5.544431927263028,5.968162234894637,5.665180770332627,-1,16.50787992176883,20.924021324333214,54.5785434945797,67.51729466690773,6.014999866485596,6.0950000286102295,6.375,6.379999876022339,,5.544999974114554,5.598999977111816,5.856999988555908,6.110200004577637,6.065899994373321,2025-09-10 02:33:07.554146,40.76923076923078,0.0028978001509985594,-1.9819819819819728,7.120899528927338,-1.2753121351105734,lower,Below_Cloud,Bearish
65,OTKAR.IS,7.1407633,487.25,748.4,570.0,637.975,616.75,68.235,475.25,474.75,493.25,none,358.0,584.0,41.45163420564266,28.981538720023423,-16.85393258426965,1.5789473684210527,6.048653516675515,9845492.0,-0.09826983679125201,-7942050.520397102,65.22530486635628,-4.29492769036159,-6.392415199303054,2.097487508941464,2.097487508941464,2.1775001836557437,482.075,493.1870430165524,470.96295698344755,0.5191233960922818,4.610088893451199,484.0692190669371,486.11036331889756,482.1012336545326,532.1037017188453,492.5973237377438,-1,51.37254901960778,66.01611187110498,63.20221371492718,74.75211951836773,506.75,523.0,559.75,565.75,,481.375,482.075,500.97,534.33,549.6575,2025-09-10 02:33:07.554146,57.190265486725664,-0.08001267471427953,2.5249868490268224,1.2184798392103513,-3.342646078307321,upper,Below_Cloud,Bearish
66,OYAKC.IS,1.9691557,20.94,,,,,10.634,21.26,20.72,21.4,none,13.717949,33.04,31.6003010160869,34.40430537214159,-133.55021295876585,-1.5977450263958937,0.2284446036749722,355414265.0,-0.20094467354967568,-218842868.52300578,22.881580761552257,-0.2117351552364184,-0.22654658848341866,0.014811433247000266,0.014811433247000266,0.024997600529038478,21.201999950408936,21.542329300769456,20.861670600048416,0.11507960439824509,3.210351392854858,21.006997928658073,21.075685729218595,21.23707838215413,23.352235603302063,21.577485235860472,-1,27.52943665920832,32.44072250371524,37.31559990243987,55.457579031713585,21.770000457763672,22.480000495910645,24.09499979019165,24.769999504089355,,21.1385714667184,21.201999950408936,21.609999923706056,23.223399963378906,23.910000009536745,2025-09-10 02:33:07.554146,37.37724840908453,-0.010186167282038212,-1.5051740357478804,2.8764532032925283,-0.37406590234758674,lower,Below_Cloud,Bearish
67,PENTA.IS,1.6912358,16.75,,,,,9.904,17.61,16.75,18.15,none,12.11,19.5,34.18411582952038,22.841015599464654,-123.89555083391068,-6.481995156496641,0.36073826358517275,4097982.0,-0.4151430296568844,-107064480.33158006,3.8414838980455817,-0.21448301337745335,-0.07122533718383423,-0.14325767619361912,-0.14325767619361912,-0.1271950711908541,17.907499885559083,19.219260317714465,16.595739453403702,0.1083504656775728,14.650402798139426,17.08325520490294,17.315850192508485,17.41731311634564,17.064575592588444,17.959805608986144,-1,2.7373373605444407,5.6836140971386415,0.0,3.7126219384265546,17.494999885559082,17.130000114440918,17.19499969482422,16.669999599456787,,17.56428555079869,17.907499885559083,17.64219985961914,17.334899940490722,17.26969997406006,2025-09-10 02:33:07.554146,62.78755074424899,-0.016062605002765018,-4.883588869960242,14.74185264307144,-0.9209584871420762,lower,No_Data,Bullish
68,PETKM.IS,0.67718315,17.3,25.42,12.0,18.12375,18.215,25.547,17.5,17.23,17.59,hold,15.18,24.1,24.202297458520217,44.45534798854898,-107.66189256742146,-1.6486692041596032,0.1570096264274165,2062286796.0,-0.27653038147090586,-241344631.35193822,20.491437491872887,-0.2614120311449746,-0.28287444834336073,0.021462417198386152,0.021462417198386152,0.01651487823164306,17.600500106811523,18.08297207182052,17.118028141802526,0.18858204046594437,5.482480180461205,17.3756489241099,17.439357024150976,17.47590947182589,18.93936083379452,17.77599169456,-1,20.27465509327367,24.73954799908471,65.1493639765597,78.16287786757407,18.489999771118164,19.005000114440918,20.28000020980835,20.820000648498535,,17.48000008719308,17.600500106811523,18.144800109863283,19.580900077819823,19.24945002555847,2025-09-10 02:33:07.554146,23.766816143497767,0.004947538966743093,-1.1428571428571344,4.525850126130182,-1.051860452008524,lower,Below_Cloud,Bearish
69,PGSUS.IS,1.1367089,220.8,390.0,244.2,333.04544,355.0,194.245,221.6,217.2,225.0,none,208.0,287.25,35.88522726221423,38.234863094199795,-97.04349880593249,-0.8531629647601447,2.2670778603532895,211710448.0,-0.08976074827240592,-51444288.495414115,28.701402108858247,-2.3848624184578853,-2.6610253724307578,0.2761629539728725,0.2761629539728725,0.211282052394466,222.7050003051758,226.41901386092132,218.99098674943025,0.24353927027663042,3.335366112710692,221.0734279702208,221.1493529012828,222.8326952957643,245.08801410310863,226.38404878988302,-1,33.6968586878178,29.620991250836,68.62365867795987,72.70338932978619,231.5,235.5999984741211,248.5,253.625,,221.82142857142858,222.7050003051758,228.28799987792968,241.0479998779297,250.91774993896485,2025-09-10 02:33:07.554146,16.151419558359635,0.06488090157840648,-0.3610108303249038,2.5448432341129035,-0.8192994794247066,lower,Below_Cloud,Bearish
70,QUAGR.IS,2.7896745,9.51,,,,,3.409,9.29,9.15,9.66,none,2.48,9.66,69.28079484904613,57.13871873676288,89.15376080267791,6.270990445742875,0.1620220954248325,-286201377.0,0.013911220780858376,-276281394.68744266,78.99131921166527,0.2060390866412778,0.20102175081008694,0.00501733583119085,0.00501733583119085,0.009924906324407408,9.201000070571899,9.734250394132841,8.667749747010957,0.7709793953957506,11.591138343025737,9.483113603224377,9.48174510726257,9.396772576492921,7.9598357285959445,9.04728471258272,1,81.24829990933348,77.09700869664876,48.9911024341761,48.05570695009927,9.029999732971191,8.524999856948853,7.8200002908706665,7.710000276565552,,9.330000059945244,9.201000070571899,8.803000020980836,8.182099990844726,7.822599983215332,2025-09-10 02:33:07.554146,97.9108635097493,-0.004907570493216558,2.3681377825619077,2.3580483084420845,-8.856469537213908,upper,Above_Cloud,Bullish
71,SAHOL.IS,0.56267786,86.2,148.5,140.0,144.63715,145.4,153.196,85.7,85.3,87.75,none,71.7,109.9,48.83270243987534,18.039526015546297,50.83259066542961,1.409274135922925,1.014093670299817,814760586.0,-0.07063386237931595,92751640.74929288,68.71930461824785,-0.07006952367048314,-0.34202587025518494,0.2719563465847018,0.2719563465847018,0.295190000718084,85.72499961853028,87.91987899988592,83.53012023717463,0.6423765836291178,5.120745152808851,86.63407552846789,86.66645111396055,85.8622984522866,92.0512558935931,84.5576312891153,1,72.00672627300806,80.79610199620292,70.9411937635938,83.47010009785132,87.0,90.64999771118164,95.08749961853027,96.67499923706055,,86.07857077462333,85.72499961853028,86.79100006103516,91.50750030517578,94.11774997711181,2025-09-10 02:33:07.554146,37.95811518324607,-0.023233654133382187,0.5834305717619559,1.995219257408265,-3.0973083095422016,no-trend,Below_Cloud,Bearish
72,SASA.IS,1.3098829,3.91,,,,,2.985,3.92,3.87,4.05,none,2.76,5.66,26.38522412605259,39.263788250382575,-73.95334489691514,-2.244392704510808,0.07723107555376998,296712808.0,-0.3376650314778818,8543800614.520524,29.313736068607973,-0.1349913509509877,-0.13566005043634796,0.0006686994853602746,0.0006686994853602746,-0.011143300531497017,4.094000065326691,4.452742248041369,3.7352578826120126,0.2574860200213273,17.52526511921546,3.939553819370076,3.960351712741202,3.9696925273998516,4.261867247027992,4.148251500919915,-1,12.399011291519551,14.880473009119244,75.48139193336624,78.40293718599459,4.509999990463257,4.580000162124634,4.71750009059906,5.105000019073486,,3.9835715123585294,4.094000065326691,4.357400012016297,4.642300016880036,4.317250015735627,2025-09-10 02:33:07.554146,39.65517241379311,0.011812000016857291,-0.25510204081632404,13.880875908986434,-4.4691078615853534,lower,Below_Cloud,Bearish
73,SISE.IS,0.43401408,36.34,60.0,40.0,48.28444,47.31,83.73,36.76,36.14,37.48,buy,31.94,45.0,30.06270614762075,33.61966692904052,-125.07501417590727,-1.0337248932771976,0.36567386363220195,63974289.0,-0.27020486139971467,-407962983.75565696,35.373093336547626,-0.383179411804619,-0.41212985772110733,0.02895044591648832,0.02895044591648832,0.035150949162277546,36.898000144958495,37.6278108125016,36.16818947741539,0.14511406870284954,3.9558277666862787,36.5797368720869,36.813868391226784,36.85150883340562,39.40661755386744,37.51777760752619,-1,24.156052338774487,30.168467023925576,64.00278411250731,77.05838581743662,38.14999961853027,39.3799991607666,40.959999084472656,42.35000038146973,,36.76142883300781,36.898000144958495,37.80360008239746,39.59439994812012,40.42069993972778,2025-09-10 02:33:07.554146,33.690658499234324,-0.006200503245789225,-1.1425462459194624,3.543783193455141,-0.4727862481689993,lower,Below_Cloud,Bearish
74,SKBNK.IS,1.0631895,7.42,,,,,6.979,7.62,7.38,7.67,none,3.67,8.6,38.8359187437105,18.833156236036622,-28.04528845308008,-2.3715454750604748,0.13345773060654326,2312068080.0,-0.19528729173312867,412838204.8123502,70.69788159791858,-0.09716331784844368,-0.11402487206706752,0.016861554218623842,0.016861554218623842,0.010563234645959643,7.451499986648559,7.6014699383967725,7.301530034900346,0.3616384857343782,4.025228531622523,7.434198661943478,7.450711068218237,7.493347782359747,7.366216817849591,7.799906756039751,-1,35.53501023343421,46.6245339085632,67.8983212898061,80.33374525217772,8.045000076293945,8.115000009536743,8.137500047683716,7.920000076293945,,7.464999948229108,7.451499986648559,7.793199987411499,7.84290002822876,7.243600006103516,2025-09-10 02:33:07.554146,76.06490872210954,0.006298319572664199,-2.6246719160105014,2.4456865013042117,-1.5966302574077273,no-trend,Below_Cloud,Bearish
75,SMRTG.IS,4.5276113,27.22,,,,,6.012,27.58,27.2,27.84,none,25.28,45.6,20.541118200242163,42.692564195597605,-116.91401292435522,-1.4471766547146845,0.28082752222548774,-39110760.0,-0.2977085432263771,-293409482.3281729,27.772930150012897,-0.4023368990912388,-0.44168402832420384,0.03934712923296502,0.03934712923296502,0.021059831887470112,27.711999893188477,28.462082718755266,26.961917067621687,0.1853679980516468,5.413415332403758,27.429451915361817,27.5238644717781,27.547081127088056,30.483155048015654,28.158993492897835,-1,23.46414072160118,39.288925784809464,61.13105183006741,77.05153511481178,29.520000457763672,29.489999771118164,30.920000076293945,32.5,,27.5499997820173,27.711999893188477,28.701199951171876,30.226800022125243,31.08189995765686,2025-09-10 02:33:07.554146,9.547244094488178,0.018287297345494904,-1.305293691080489,4.563125344435215,-0.9481371505448588,lower,Below_Cloud,Bullish
76,SOKM.IS,0.64975137,35.8,100.0,58.0,66.635,61.0,55.098,36.1,35.38,36.28,buy,31.64,53.0,24.169955330454805,45.99332742419564,-84.074683733223,-1.6510689917494838,0.33586276944352245,5152860.0,-0.25776328448346764,-74260139.02111298,23.39965500965995,-0.6605613560178298,-0.7060973805599868,0.045536024542156994,0.045536024542156994,-0.007226237925689568,36.39300003051758,37.762044507018004,35.02395555401715,0.261513097908994,7.523669251517635,35.8248284709381,35.8748220119513,35.92321803089679,38.54626809687705,36.634546977196415,-1,21.585458736736285,23.52742989983196,67.55654601707079,78.83335441462515,39.18000030517578,39.260000228881836,40.45000076293945,40.78000068664551,,36.021428789411274,36.39300003051758,37.92360008239746,39.32720008850097,38.88310001373291,2025-09-10 02:33:07.554146,19.475655430711594,0.052762262467846564,-0.8310249307479367,5.480571248653643,-2.167721916153209,lower,Below_Cloud,Bearish
77,TAVHL.IS,1.2016255,233.0,525.9433,359.46768,421.30615,395.28912,193.904,230.3,229.5,235.8,strong_buy,207.5,293.25,40.279946063185584,28.05117207517818,-24.26277035989941,0.25883987783753076,2.7786712887862106,91820014.0,0.001113625298952541,19198481.71843722,46.400882016408055,-1.8673196864717738,-2.4076147495858113,0.5402950631140375,0.5402950631140375,0.2364964497697947,233.69499969482422,240.55341853747407,226.83658085217436,0.4055900617875141,5.869546932203147,233.34533041437544,232.7987505481039,233.14634255819254,249.7528633273816,238.37233782080753,-1,80.4249511334282,83.20321265416094,80.51516779183352,89.97505469633847,243.0999984741211,243.8000030517578,253.86249923706055,256.4749984741211,,232.29285648890905,233.69499969482422,238.495,247.9075,253.12125,2025-09-10 02:33:07.554146,29.737609329446062,0.30379861334424285,1.1723838471558778,3.2418105311047496,-2.645244269453062,upper,Below_Cloud,Bearish
78,TCELL.IS,0.8826327,89.1,201.0,110.5,144.358,139.29,100.948,88.95,87.55,89.35,none,80.85,111.4,46.526168736112965,25.635178170094605,24.566084238059847,0.0,0.7577415431078848,502335368.0,-0.07841191327889457,-281186407.5098295,47.21380141316015,-0.42453770251830747,-0.5598100971220012,0.13527239460369378,0.13527239460369378,0.07860089676600657,88.8625,89.79570832459322,87.92929167540677,0.6004615190501789,2.1003422694459957,88.88848910225332,88.72740163501173,89.05853541445853,93.65455462658862,90.58557073490798,-1,63.446130690103864,62.2197384972011,82.2039285082382,84.01746529768667,90.875,91.2249984741211,94.51249885559082,97.25,,88.74285670689174,88.8625,90.02399948120117,93.48899955749512,95.10924980163574,2025-09-10 02:33:07.554146,27.00490998363338,0.05667149783768721,0.1686340640809414,0.7808174237858845,-1.3139262902280846,lower,Below_Cloud,Bearish
79,THYAO.IS,23.044744,316.75,586.0,331.0,459.63333,453.45,13.745,310.75,310.5,320.75,strong_buy,249.2,346.25,47.32123217031959,18.711717995986408,25.562632696391777,2.0161290322580645,3.030453551525264,688658733.0,-0.1485838417499864,-26323181.507983517,34.20719167968675,-1.2010346384342938,-2.224768924542013,1.023734286107719,1.023734286107719,0.7925855045877717,314.4,322.2124899999929,306.58751000000706,0.6184001515523028,4.969777353685064,316.7535496957404,316.75779864365563,313.4568691929141,323.92734409080526,310.2486912691844,1,69.811320754717,79.30866364389841,77.71170729331374,86.3718496482097,326.375,326.125,337.4375,340.0,,314.05357142857144,314.4,320.99,330.445,329.885,2025-09-10 02:33:07.554146,69.60329726944875,0.23114878151994733,1.9308125502815798,1.7245430149938068,-3.208363062349784,no-trend,Below_Cloud,Bullish
80,TKFEN.IS,1.0015408,91.0,116.0,73.1,93.2825,92.015,90.86,91.9,89.95,93.15,strong_buy,46.52,165.0,27.933869623055198,38.553206677758695,-126.28905606559763,-0.5482456323806238,0.9312211425438884,287856609.0,-0.23572981729947134,-27970574.391445052,31.69210571574833,-1.2042824164577866,-1.3804009105124526,0.17611849405466606,0.17611849405466606,0.21246250573997885,92.02250022888184,93.91841239030367,90.12658806746,0.15122242803489266,4.120540425887688,91.29153005975255,91.80543964685604,92.16991465242029,102.422994952512,93.42330444130644,-1,25.44872740298567,36.68870735598302,60.5513135775906,73.44965208589045,97.04999923706055,98.8499984741211,105.27499961853027,109.69999694824219,,91.71071352277484,92.02250022888184,95.4370002746582,102.24650001525879,103.11725006103515,2025-09-10 02:33:07.554146,37.542201215395,-0.03634401168531279,-0.9793253536452773,3.207046582751283,-0.9597933324615338,lower,Below_Cloud,Bearish
81,TOASO.IS,2.4565187,237.0,546.0,239.39,349.94916,313.25,96.478,230.0,227.9,238.8,none,150.1,257.5,63.119276826434934,33.11744343892334,71.4697885446449,5.592841163310962,2.897397687081383,119549403.0,0.2081803238359304,-8452981.89411486,73.19039907108542,2.4738539332940945,1.2562838604858073,1.2175700728082872,1.2175700728082872,1.4263964769694564,229.39999923706054,242.65971686956487,216.1402816045562,0.7488741067441921,11.560346710203625,236.39046642311206,236.4517923421645,233.92312555159785,235.4705150529572,228.47105031974414,1,85.35387764365642,88.35576885341231,79.99841066716219,85.07902193063353,228.29999542236328,234.5500030517578,247.56250381469727,250.0500030517578,,231.72857121058874,229.39999923706054,229.1399984741211,239.73499938964844,239.33899971008302,2025-09-10 02:33:07.554146,80.91247672253259,-0.20882640416116915,3.04347826086957,2.3880661896898303,-8.801568943225224,upper,Below_Cloud,Bearish
82,TSKB.IS,0.94270134,13.31,20.3,16.78,18.44,18.53,14.119,13.1,12.95,13.4,none,9.59,14.73,50.540362030558924,16.59729864706377,40.97600160933859,1.836271846949789,0.15976371377947393,106489635.0,-0.19763160311448888,-272163807.65205085,43.01714321303769,-0.05656658582682894,-0.09907623199429401,0.04250964616746507,0.04250964616746507,0.02172429689647455,13.205499982833862,13.512646592977783,12.898353372689941,0.6701149114650349,4.651798274100757,13.287008241030556,13.216951724927855,13.191009841474077,13.753554239718197,13.495335841196066,-1,77.03713750647263,80.63499156582084,85.98510104015405,90.12026743631036,13.445000171661377,13.890000343322754,14.457499742507935,14.364999771118164,,13.160714285714286,13.205499982833862,13.409600048065185,13.884000043869019,13.822900018692017,2025-09-10 02:33:07.554146,72.37354085603114,0.020785349270990516,1.6030534351145098,1.5225138465648547,-3.092762038392627,no-trend,Below_Cloud,Bearish
83,TTKOM.IS,0.9918354,50.9,102.5,45.2,72.40091,72.5,51.319,51.25,50.1,51.45,buy,42.88,62.8,35.67937642198448,34.4078048310645,-58.5484330523831,-0.48875853869430413,0.5649453265250723,901626276.0,-0.04680522986949188,-198004926.68109864,40.8244263980579,-0.5135406952443944,-0.5622318020750752,0.048691106830680786,0.048691106830680786,-0.005345954629009216,51.33250007629395,52.68278717152873,49.98221298105916,0.3398494098250124,5.260944209722466,50.9109026462021,50.825935723418674,51.03637412154434,55.23724355301993,52.13409215509357,-1,39.62850774160976,38.13567024859844,77.33209846941604,84.12803473452526,53.07500076293945,52.95000076293945,55.42500114440918,57.900001525878906,,50.97500010899135,51.33250007629395,52.30300025939941,55.10050018310547,56.21600008010864,2025-09-10 02:33:07.554146,40.26104417670682,0.054037061459690006,-0.6829268292682933,3.5025288242214847,-1.8031179154043953,lower,Below_Cloud,Bullish
84,TTRAK.IS,3.8221605,579.0,850.0,650.0,749.6167,742.7,151.485,580.0,574.5,585.0,none,550.0,867.0,36.5580041702017,26.693771264285513,-49.44103290820377,0.17421602787456447,4.508955846402184,779417.0,-0.1020789401783223,-7367492.725738503,26.274297705415897,-2.2868478010040008,-2.866678477056717,0.5798306760527163,0.5798306760527163,0.8759735535136459,578.75,586.3229782775895,571.1770217224105,0.252409167005189,2.6170119317803984,578.2368154158215,580.5899682895837,578.0316546802766,606.3012827972717,587.019020122818,-1,48.275862068965516,66.3090676883781,59.74644898787208,75.48705020541529,590.5,598.0,615.0,630.5,,578.5,578.75,586.51,605.11,615.715,2025-09-10 02:33:07.554146,9.14826498422713,-0.2961428774609296,-0.17241379310344307,1.2647630876665872,-1.3511188735042312,upper,Below_Cloud,Bearish
85,TUKAS.IS,114.51613,3.55,,,,,0.031,3.65,3.47,3.65,none,1.84,8.66,43.407773022704546,14.83239877469964,9.643805400690788,-1.6853916782002771,0.06907132984485165,1401620308.0,0.1593518383527662,837071345.2308016,76.9731704489991,-0.03582761355789099,-0.043661430663575446,0.007833817105684454,0.007833817105684454,0.0053647534488506995,3.502499997615814,3.595854072928858,3.4091459223027702,0.4866101313336832,5.330710942275003,3.5048275816029513,3.504910183656262,3.5710550124524705,3.3564434856381618,3.689569077190413,-1,40.47464691113015,46.8106868290318,48.97621921875651,62.87842174579609,3.7899999618530273,3.7549999952316284,3.5799999833106995,3.424999952316284,,3.5199999809265137,3.502499997615814,3.6664000034332274,3.5139000058174132,3.2982000052928924,2025-09-10 02:33:07.554146,25.073313782991196,0.0024690636568337546,-2.73972602739726,1.2916640261650292,-3.967720498513505,no-trend,No_Data,Bullish
86,TUPRS.IS,1.0575328,168.3,276.0,120.0,210.09232,216.9,159.144,166.0,166.0,171.5,buy,117.3,175.9,47.439659408738684,20.304203201355858,42.434810829527585,1.7000626008740776,1.8275272187459517,270191100.0,-0.09903203616902011,-37222456.921309635,63.14307167579542,0.26990253884679305,-0.17650825811159687,0.4464107969583899,0.4464107969583899,0.4764222369126763,167.01499862670897,171.5494343272956,162.48056292612236,0.5534797938835347,5.429974239285438,168.90304198661636,169.23587820277237,167.51718729983247,167.5475637554216,165.8135857320266,1,70.32517980256605,81.40701429949577,76.51559705160476,87.88030226166268,169.8499984741211,170.75,172.77499771118164,172.6999969482422,,167.47857012067522,167.01499862670897,168.77999938964842,170.47600006103517,167.39700012207032,2025-09-10 02:33:07.554146,87.03071672354949,-0.0300114399542864,1.3855421686747027,1.930739350740085,-3.45777603914299,upper,Below_Cloud,Bearish
87,ULKER.IS,1.044947,102.2,265.0,142.9,183.85,168.95,97.804,102.6,101.2,103.9,none,98.45,159.7,33.88777409743292,30.917071242151774,-57.2041042851409,0.0,0.9806893459985144,166769058.0,-0.25433673846224486,-48798260.80809194,43.592350612655814,-0.8090584444330489,-0.9949975032687531,0.18593905883570427,0.18593905883570427,0.18467515421411018,102.71500015258789,104.40292803342665,101.02707227174913,0.31782347295513796,3.2866239173076215,102.48042606872187,102.73739513158547,102.39636912507858,111.1407820945423,104.76746440553838,-1,39.969157224096826,55.479414919798785,66.71980871525008,79.05088411666456,106.3499984741211,108.3499984741211,114.5,117.19999694824219,,102.51428604125977,102.71500015258789,104.94399963378906,110.72800018310546,113.67750007629394,2025-09-10 02:33:07.554146,6.122448979591838,0.001263904621594092,-0.3898635477582735,2.1555068820221512,-1.147678794766016,lower,Below_Cloud,Bearish
88,VAKBN.IS,1.0262337,26.64,44.1,19.0,32.95333,37.0,25.959,26.28,26.1,26.8,buy,18.88,30.1,45.89485840500879,14.792606619023983,30.04359572604207,1.6845276132154137,0.2982999467339648,1543142462.0,-0.0932578560711009,-219196374.12289327,61.53001151743834,-0.13277110967592876,-0.21316853982753098,0.08039743015160222,0.08039743015160222,0.05754185332611382,26.423000049591064,27.110869163775828,25.7351309354063,0.5995824739955693,5.206593595683771,26.576652739642846,26.525560538720576,26.37260663913253,27.908257718381414,27.02939220730572,-1,72.09300778243772,80.00136653799615,77.05483343796199,84.83898309020823,27.18000030517578,27.949999809265137,28.894999980926514,29.329999923706055,,26.388571330479213,26.423000049591064,26.963999977111815,28.058199977874757,28.061199979782103,2025-09-10 02:33:07.554146,69.16221033868094,0.022855576825488402,1.3698630136986356,1.7675268910503972,-3.396655647874247,no-trend,Below_Cloud,Bearish
89,VESBE.IS,0.5109522,11.36,22.09,15.17,18.08667,17.0,22.233,11.62,11.33,11.7,none,8.56,18.91,25.96509597467815,35.43619278175314,-147.091571427505,-2.2336788764012723,0.16175086274585812,144053424.0,-0.14112416042369727,-51651609.68184641,42.5201169279335,-0.2118197753223292,-0.22286902948838022,0.011049254166051015,0.011049254166051015,0.008267881658679463,11.649000072479248,12.004634902621751,11.293365242336746,0.1218031316975584,6.105843041115425,11.464726151123976,11.5566923379743,11.579188354168117,11.704121950373596,11.867011436855499,-1,21.641519860851627,34.469800937667046,56.32277038474967,70.46894377617927,12.644999980926514,12.800000190734863,13.480000019073486,12.800000190734863,,11.572857175554548,11.649000072479248,12.181799983978271,12.454800004959106,11.496649980545044,2025-09-10 02:33:07.554146,27.05314009661835,0.0027813725073715517,-2.2375215146299476,5.67460301603655,-0.5865735709793429,lower,Below_Cloud,Bearish
90,YEOTK.IS,4.305505,35.12,,,,,8.157,35.06,34.94,35.64,none,33.96,72.02414,33.717700147727456,29.090311064361913,-74.8928968871792,-0.05697049554332485,0.34249853090752336,-8475711.0,-0.11352334883250235,-176309817.88669208,49.90859678471371,-0.3388493888168327,-0.3788407725002758,0.03999138368344313,0.03999138368344313,0.013429721170457525,35.40399990081787,36.34596399697788,34.462035804657866,0.32801994731859235,5.321229797756531,35.19168480801534,35.300400184057466,35.30023527484299,38.08665492686408,36.015283607059516,-1,34.18821810973302,53.27847794030336,54.61325850026487,71.02367764722858,37.03999900817871,36.56999969482422,38.114999771118164,39.329999923706055,,35.218571526663645,35.40399990081787,36.20559997558594,37.36779998779297,38.62659999847412,2025-09-10 02:33:07.554146,3.0474877404296974,0.0265616625129856,0.17113519680547196,3.4907858683880466,-1.8734743603135873,lower,Below_Cloud,Bullish
91,YKBNK.IS,1.1750362,30.84,52.3,27.1,39.33643,38.36,26.246,30.22,29.82,30.98,buy,21.92,34.86,63.08770897582224,24.170736358219,138.18864378561236,3.487595325857277,0.384440227117841,6602152452.0,-0.09272161557665054,-1072606565.2193263,79.70544545311222,0.09068701521427514,-0.04826525071544357,0.1389522659297187,0.1389522659297187,0.10437665935149569,30.125,30.912997774851878,29.337002225148122,0.9663722625928245,5.2315204969419264,30.69659259981848,30.47122158642965,30.40553052868087,32.07665673291312,29.65043170875272,1,85.37150659617639,87.31939313556263,92.52872926858645,93.2065534503546,29.850000381469727,31.649999618530273,33.3700008392334,33.55999946594238,,30.209999901907786,30.125,30.229200019836426,31.912999897003175,32.56989996910095,2025-09-10 02:33:07.554146,68.93353941267387,0.03457560657822302,2.0516214427531487,0.2366983620359253,-4.873533640894545,upper,Below_Cloud,Bearish
92,YYLGD.IS,1.0100135,10.49,,,,,10.386,10.5,10.45,10.69,none,8.23,12.21,37.01872298038209,25.124051569742257,-69.23071115446233,0.0,0.11464677196814523,-65327864.0,-0.14013918392414926,-235205200.9770301,44.59803961714075,-0.08785860046265981,-0.0959628228207758,0.00810422235811599,0.00810422235811599,-0.0014670525769439181,10.603000068664551,10.861154980539121,10.344845156789981,0.30050724598531764,4.869469210653028,10.54447268859368,10.571204613947227,10.5928273078228,10.957369820233819,10.859531973440697,-1,36.728535420373326,53.17891101548853,53.44089475378373,71.02666850493804,11.105000019073486,10.90500020980835,11.077499866485596,11.324999809265137,,10.551428658621651,10.603000068664551,10.797800025939942,11.000899991989137,11.122349972724914,2025-09-10 02:33:07.554146,56.78391959798994,0.009571274935059907,-0.09523809523809268,3.5381790327847495,-1.3837449305054261,lower,Below_Cloud,Bullish
93,ZOREN.IS,0.2808944,3.53,4.55,4.55,4.55,4.55,12.567,3.55,3.5,3.63,none,2.8,4.66,36.449803063586586,23.399214008680545,-69.6364428095742,-0.8403353487606408,0.04746220495194029,468008738.0,-0.1595665070481425,-43513981.49959591,31.48772842813436,-0.044984436547787165,-0.049918293590462195,0.00493385704267503,0.00493385704267503,0.00028880825401991403,3.584999942779541,3.706243509534946,3.463756376024136,0.31442322206960527,6.763936886503928,3.5563184047083825,3.5691924509657036,3.5588540533472504,3.7172534057854034,3.663000316290053,-1,33.974295392210905,45.10787939053586,62.212879217584565,71.1451506160167,3.825000047683716,3.740000009536743,3.877499997615814,4.099999904632568,,3.5578570876802718,3.584999942779541,3.689799976348877,3.8267999720573425,3.7651499712467196,2025-09-10 02:33:07.554146,39.247311827956985,0.004645048788655116,-0.5633802816901401,4.992733981159958,-1.8765899143304177,lower,Below_Cloud,Bullish
