symbol,oversold_score,reversal_signals,BB_BWidth,BB_%B,YF%,MFI,RSI,ADX,CCI,ROC,CMF,ATR,FWMA,VWAP,st_way,Supertrend,kama,CPrice,change,scan_time
ALCAR.IS,7,2,28.3389823675055,0.0776068876114105,1.532567049808429,18.58623998388096,26.896276024747444,22.53638739233284,-120.89397700401028,-16.20689655172414,-0.5687589281983965,42.35186869434386,869.3747464503042,861.8333333333334,-1,981.8272375815152,897.5049795917755,850.5,-3.0216647662485774,2025-06-02 23:30:20.886030
TKNSA.IS,7,1,30.33768845557371,-0.0098127752433795,0.7975188303057144,0.0,17.288103681165126,41.183103736829615,-161.15310858630986,-21.387041672953867,-0.5516302065964921,0.8515105912864345,19.70885442381698,19.12666702270508,-1,21.62544121540588,20.33495673118952,18.93,-3.908629441624367,2025-06-02 23:30:20.886030
VESBE.IS,7,1,39.704487560814215,0.0388268360374475,1.0565568676196393,6.783568956549516,17.416559391760483,48.32477326665841,-147.60930535855277,-25.38071131519276,-0.6624038817320714,0.4117466581832372,9.133356794624252,8.853333155314127,-1,10.114194836958571,9.592777828539475,8.82,-6.567796610169485,2025-06-02 23:30:20.886030
SANFM.IS,7,1,89.52882959468798,0.0141124285546471,2.1528403967538323,15.502246529187463,17.72960338481717,54.488265534501565,-144.68745388111188,-50.401458606601054,-0.5397941459765575,2.2656726456348126,15.932738582696198,14.013333320617676,-1,20.56071464786508,18.218436919402265,13.59,-9.940357852882707,2025-06-02 23:30:20.886030
VAKKO.IS,7,1,22.112233112677657,-0.0425062084254432,0.3619441571871783,5.401293944855374,20.879380067434845,30.79513676202444,-180.85205582587497,-15.433567515894572,-0.330977232631701,1.9540624342124449,54.871045543987904,53.36666742960612,-1,59.08883136730736,56.22002282523819,53.15,-4.919499105545622,2025-06-02 23:30:20.886030
BUCIM.IS,7,1,12.856720357528056,-0.1315830625880924,20.462046204620464,12.6474030598608,23.10497494518205,17.3498388145482,-207.7205304438873,-11.6279023920469,-0.3163791076094703,0.1854386410785395,7.046561933192471,6.900000095367432,-1,7.464259379589524,7.376143517037319,6.84,-4.86787204450626,2025-06-02 23:30:20.886030
ERBOS.IS,7,1,15.308344579263265,-0.1179769299194311,1.3565891472868274,11.550264885778866,23.147880932434063,20.50716978885418,-212.75535520190704,-11.835441106482396,-0.3059965714930082,4.729804369947977,143.79594365675118,140.06666564941406,-1,154.36626259575843,149.99994701529036,139.3,-2.587412587412574,2025-06-02 23:30:20.886030
BEGYO.IS,7,1,127.59564934485844,0.1552926120071556,25.04357931435212,14.994460247939626,23.56741489508154,47.11516434824173,-103.89752823265134,-44.24980877486408,-0.4761117394582517,1.0328436371749483,8.325780988948582,7.530000050862629,-1,10.962111251994347,9.690019928032594,7.32,-4.935064935064936,2025-06-02 23:30:20.886030
YUNSA.IS,7,1,12.554479810041505,-0.0259601537509114,1.1786992212165903,0.0,25.826447796089823,24.554093382585894,-179.76888219785374,-9.42028954208861,-0.3657753208023026,0.1351981657838708,5.083630865534227,5.0,-1,5.369514376755984,5.259830575304981,5.0,-2.1526418786692814,2025-06-02 23:30:20.886030
RYSAS.IS,7,1,30.656845547040746,0.1231385279074202,15.37890044576523,9.013568532976386,28.96589005271258,22.35534078532671,-105.34996041397352,-17.754077780458783,-0.1854975446728381,0.586165547584411,13.391034226872131,13.3133331934611,-1,14.894318920858897,13.705821320780805,13.11,-1.5026296018031626,2025-06-02 23:30:20.886030
NUHCM.IS,7,1,19.003112123948696,0.0041565303093376,0.0,13.779208408446218,29.39399575483368,21.03741128450477,-147.8385894389269,-12.903225806451612,-0.1523161235870945,7.499380012432742,221.85623829746828,219.33333333333331,-1,242.648012248727,236.59664463821744,216.0,-4.424778761061942,2025-06-02 23:30:20.886030
CUSAN.IS,7,1,14.656817235132095,0.0534001892037567,8.441558441558444,11.16063579723686,29.796360941589587,19.675466192843423,-131.62784499385214,-6.904994329794402,-0.4016267902046311,0.7801760845886772,19.35293119480837,19.12666702270508,-1,21.26534689814183,19.86994840935715,19.01,-3.3062054933875817,2025-06-02 23:30:20.886030
BJKAS.IS,7,0,20.30469235762804,0.0057989774071104,0.0255102040816326,16.115244901401226,21.915165776553664,35.9966573425538,-148.93616528324594,-15.075374416009268,-0.4564344154449962,0.0827611792765217,1.7379006315438306,1.7066666682561236,-1,1.9290774673284927,1.8426587415392743,1.69,-3.4285714285714364,2025-06-02 23:30:20.886030
VESTL.IS,7,0,29.949901508811298,-0.0495944183751113,0.7804185881518354,16.200281464830002,22.25075591886482,44.763186419045496,-194.77823636006292,-23.401294045015373,-0.2076499028441159,1.811382547966148,34.660182871634774,33.140000661214195,-1,38.56460076142152,38.03967593842124,33.06,-8.573008849557507,2025-06-02 23:30:20.886030
ORCAY.IS,7,0,13.99954874061318,-0.2365271013979882,2.2913256955810097,15.93347446379862,24.02252088147442,16.516272946633674,-285.01523294035604,-11.98501886036756,-0.0977702001783271,0.3083749809100965,7.348539597606078,7.093333403269451,-1,7.968694843357802,7.65100981342711,7.05,-5.74866310160429,2025-06-02 23:30:20.886030
GOLTS.IS,7,0,18.186344385874264,-0.0286276468297702,0.0,5.7510151464379,24.4938992015964,32.073682575704574,-163.15587897357355,-12.524850894632207,-0.2605608004713654,9.97308637482401,339.6526369168357,334.0833333333333,-1,364.3621076844698,356.15299801000185,330.0,-4.27846265409717,2025-06-02 23:30:20.886030
OSMEN.IS,7,0,23.97927545701709,-0.0455582303409671,0.0034753596997288,0.0,24.93985718994623,22.526848656564127,-188.60191170846363,-15.726289973322306,-0.3920316191410722,0.3164889155127943,7.3085801108130095,7.076666673024495,-1,7.965601999401784,7.521417191349775,7.02,-2.092050209205021,2025-06-02 23:30:20.886030
BVSAN.IS,7,0,23.01409482741868,-0.0178058812604372,16.372021521906234,8.670804328806375,25.284002444688635,18.63446026159045,-167.3156292016978,-15.768852805812628,-0.2000840587112647,3.501912325195863,88.9320489910505,86.98333231608073,-1,97.15607804784266,91.7593814165597,86.0,-5.286343612334798,2025-06-02 23:30:20.886030
SOKM.IS,7,0,20.091486399335164,-0.0811942572389598,2.015677491601351,11.222005813655596,26.691276393423585,21.1500244855234,-203.625556257669,-15.631472595585612,-0.2628261191383901,1.2194801947301117,33.821845547906285,32.76666641235352,-1,36.34461372874925,35.089232813214124,32.6,-1.9253910950661868,2025-06-02 23:30:20.886030
KFEIN.IS,7,0,29.09517654735997,0.0482292646455344,9.803921568627452,18.381240910558542,26.8099604077345,21.559510807207168,-147.93486892864266,-12.3286956973176,-0.5885373647446559,4.511046358778175,91.89894141918748,90.0,-1,103.04693641873004,97.50269911460488,88.9,-3.6314363143631354,2025-06-02 23:30:20.886030
EGPRO.IS,7,0,17.545894089728176,0.0087944899168013,0.0,17.555808556039015,27.845819226862115,29.336846393588026,-152.90612381783657,-10.104404866611253,-0.4096251033923366,0.6316157536647549,20.03138899271193,19.71333376566569,-1,21.63109240750796,20.70613704824677,19.52,-2.7888446215139417,2025-06-02 23:30:20.886030
MIATK.IS,7,0,18.44901148362601,-0.0077939584484348,0.0,13.255967396552627,28.43062482868117,23.903922194652125,-168.9161370233393,-11.24260154684849,-0.5542127241552183,1.365099755131357,30.814259666458344,30.34000015258789,-1,34.15291856673598,32.394931918776095,30.0,-2.7867790019442618,2025-06-02 23:30:20.886030
OYAKC.IS,7,0,19.194332071783208,0.1193009910236902,36.34216160592889,11.988373513669169,28.810720314170425,25.558966357662204,-121.8367367583856,-13.221756894766148,-0.3803614294998901,0.9134776908377732,21.112961364807997,20.799999872843426,-1,23.34119312228875,22.214878451926253,20.74,-1.1439466158246092,2025-06-02 23:30:20.886030
AEFES.IS,7,0,22.41396385190589,0.0338774322236355,0.0596125186289086,17.132509812684138,29.00627607915171,19.690659412017773,-149.68455001160248,-19.00613111471986,-0.3498649007456019,5.448865263566257,141.47116958587213,138.1000010172526,-1,154.15849326898146,155.2043454230576,137.1,-1.366906474820151,2025-06-02 23:30:20.886030
DNISI.IS,6,2,20.903800927445317,0.0791062326682693,38.79895561357702,27.3324947399422,26.128155878252432,48.45791354822335,-137.1086732422507,-13.904229493037782,-0.4312899972556959,0.9275514474885478,18.94774871230367,18.786666870117188,-1,21.38689403191749,20.182882530094503,18.7,-0.7957559681697757,2025-06-02 23:30:20.886030
AKFYE.IS,6,2,18.10729942219668,0.0862256949845763,7.147673634524615,21.26087664294749,29.43150882103138,22.59225833805767,-121.9427852402302,-9.020312123821338,-0.6115023833541163,0.4531589238732535,15.474097294449564,15.366666475931805,-1,16.684559604636483,15.866894010617576,15.23,-2.43433696348494,2025-06-02 23:30:20.886030
DYOBY.IS,6,1,21.028125858855866,-0.0496280421029635,1.3419216317767042,21.575310032327607,19.06708389156434,39.12860171294079,-190.3067242440817,-14.383563880827293,-0.4889972761806814,0.5322911769738584,12.913245543505068,12.549999872843424,-1,13.966513352164288,13.445133348075384,12.5,-2.6479750778816147,2025-06-02 23:30:20.886030
OZRDN.IS,6,1,11.435693697424856,-0.2215226970420119,1.123896368887515,29.845179910526937,19.294189551056267,31.363551205047653,-236.3581232515664,-9.316769965585982,0.2836961223499699,0.3157628389553967,7.5581948051104435,7.353333314259847,-1,8.295741571232426,7.719834208550544,7.3,-4.575163398692816,2025-06-02 23:30:20.886030
DZGYO.IS,6,1,17.618080433962902,-0.028853807650181,9.7029702970297,21.87621194978383,25.8688260263788,12.779469632182495,-163.41278005266034,-12.918659413773202,-0.2691043617826541,0.2316937294255223,5.616511183384708,5.519999980926514,-1,6.170613568960936,5.7640708418146245,5.46,-2.673796791443861,2025-06-02 23:30:20.886030
AFYON.IS,6,1,12.877989274489178,-0.1060434445484409,10.869565217391312,26.057713880646688,27.40623654214572,24.016801107222182,-201.9270917348737,-11.296164896568463,-0.290555899553386,0.3190985201594994,12.593296069402482,12.356666564941406,-1,13.320421579843204,13.391310245206975,12.25,-2.234636871508377,2025-06-02 23:30:20.886030
BRSAN.IS,6,1,13.57639558799428,-0.0587136027487545,0.7111111111111111,22.7966357083555,27.650473114089632,11.13248347539459,-183.33333333333303,-10.919143054595716,-0.3922289410993115,12.52685021589052,329.585953346856,324.25,-1,360.222009484822,343.901095033052,322.25,-2.2744503411675554,2025-06-02 23:30:20.886030
CWENE.IS,6,1,20.466825902522334,-0.0213150417291415,3.266416825372457,26.966458559055557,27.933785218250502,16.31606577370498,-195.71352041037608,-14.319953665943382,-0.3426450667302248,0.6931770628041442,14.748722145088305,14.233333587646484,-1,16.291596729515643,15.297043840662017,14.3,-5.485789821546594,2025-06-02 23:30:20.886030
TTRAK.IS,6,1,14.410554417948097,0.1027386203613028,1.76017601760176,20.80812528239812,28.97894682559513,27.08888103603431,-137.85310734463295,-11.19047619047619,-0.1722257899122111,16.320444092526568,565.3483772819473,558.3333333333334,-1,602.2627614057188,598.7613371765102,559.5,0.0894454382826426,2025-06-02 23:30:20.886030
SRVGY.IS,6,1,31.862767867956634,0.0838996775648465,2.251330331559556,23.74665171646547,29.245685963578392,29.37115894231712,-138.7481571493652,-18.54304458001146,-0.5093455874428332,0.1441585291949517,2.501288066771161,2.4600000381469727,-1,2.8877543116955304,2.561999532561822,2.46,-1.2048192771084487,2025-06-02 23:30:20.886030
DERHL.IS,6,1,130.0679279157869,0.083140109447308,24.836639783363747,18.522970272622302,30.852735196386483,31.42833983158584,-133.34830521339336,-56.492472747553066,-0.6854215258173914,11.83413353264224,58.31738219735105,50.936667124430336,-1,86.93177292889345,86.95323192059733,49.12,-7.495291902071566,2025-06-02 23:30:20.886030
GUBRF.IS,6,1,21.35251308469807,-0.126043943536827,56.13848202396805,17.79815596275203,30.974920189085136,16.55643145887554,-261.16558172232334,-14.218184037642043,-0.1993923231481102,13.837709535006786,247.93671310455755,233.4333292643229,-1,276.42190803557554,268.71507445834754,235.9,-11.977611940298504,2025-06-02 23:30:20.886030
ATEKS.IS,6,1,35.16774060462119,0.1371830149990869,1.4790764790764772,3.987735745623628,31.1867303190293,26.744769937945453,-112.31603324245194,-19.68288748023407,0.0367969135126591,3.104962713374084,74.71835547673533,73.2999979654948,-1,80.8602571565538,76.16995616772968,73.45,-1.7391304347826098,2025-06-02 23:30:20.886030
BINHO.IS,6,1,60.37118482742985,0.0544134991543425,0.6855184233076265,17.0087285149849,31.35799491125064,19.76961959075932,-171.91086522696355,-27.79783393501805,-0.6992702383591718,18.843226521896995,211.77982005337915,201.63333129882807,-1,257.421036574583,224.57176526503056,200.0,-0.3984063745020028,2025-06-02 23:30:20.886030
ARCLK.IS,6,1,18.34740516700133,0.1234330182459436,2.660753880266081,12.74038429963565,31.641502823061327,30.80786228768412,-140.1167488523811,-13.025558659727375,-0.1611184981382808,3.647446215459752,106.62241456378064,104.86666615804036,-1,114.89207519198696,112.4051540893747,105.5,0.4761904761904745,2025-06-02 23:30:20.886030
KLKIM.IS,6,1,18.486361337272232,-0.0098411802522974,25.1295336787565,18.87258628258929,32.10107867144681,13.847641341612617,-174.73696905376235,-11.853309530822228,-0.3051059473621467,1.0897503598569698,27.73973633841617,27.299999872843426,-1,30.60089942447516,29.8981613722476,26.92,-4.062722736992153,2025-06-02 23:30:20.886030
AKMGY.IS,6,1,12.4545460642453,0.0034119865274182,6.62078007210752,14.987468068377346,32.403264011436285,19.10819252595652,-179.10741783207075,-7.849998474121094,0.0574219456252816,6.789177758992773,187.68468781755607,184.46666971842447,-1,203.3260786205965,194.8625378898741,184.3,-3.10199789695057,2025-06-02 23:30:20.886030
BRLSM.IS,6,1,29.208226109493975,0.0386964486457261,33.25,11.63174086244489,33.0612650322721,18.25923046079548,-144.57104982986067,-18.26182944316752,-0.3415938323596384,0.7588168341229719,15.36676456478498,15.076666831970217,-1,17.348694639750924,15.957370368705782,14.86,-4.498714652956304,2025-06-02 23:30:20.886030
KAREL.IS,6,1,22.002632582819373,0.0284196425787713,2.7667984189723343,12.135606618741566,33.130965394811,14.728812244624477,-155.16790636706355,-14.5196500639878,-0.3702810992146721,0.3248194493069588,8.019675413445093,7.893333276112873,-1,8.851960682192617,8.291102748383953,7.83,-1.5094339622641506,2025-06-02 23:30:20.886030
ISMEN.IS,6,1,18.827053405196168,0.0956271207572571,8.986858838490889,9.177988565675598,33.97358148494773,20.687055638100738,-144.93647307092343,-11.62790505756861,-0.3363847092267877,1.2296214023815304,33.16225167945723,32.666666666666664,-1,36.07035081149788,36.57544172929544,32.68,-2.622169249106088,2025-06-02 23:30:20.886030
EGEEN.IS,6,1,16.207765710593925,0.0796045595026049,1.202886928628709,18.073028078408733,34.93148517421079,15.905112746177352,-128.1561517043458,-8.99830220713073,-0.3729150135318797,258.8526373485942,8155.889959432048,8095.0,-1,8828.110414701763,8649.394395623964,8040.0,-1.2891344383057055,2025-06-02 23:30:20.886030
SAMAT.IS,6,1,20.781747253815645,0.0441993681694133,4.311902917634908,17.398361336950813,35.89887860877249,18.67913924312424,-176.6919511564515,-14.71203879487125,-0.4613820851078161,0.8162815824717417,16.723123838645208,16.433333079020183,-1,18.847789945919622,17.87340623475218,16.29,-4.232804232804243,2025-06-02 23:30:20.886030
SEKFK.IS,6,1,7.026433076346854,-0.0427490249883182,6.109324758842442,16.592497722106035,36.57721928533541,14.411362578620972,-188.06909172389504,-5.206940966666726,0.1654612385867039,0.2237283010301308,7.183225079917521,7.066666603088379,-1,7.680273981529234,7.295289685679733,7.1,-0.4207573632538652,2025-06-02 23:30:20.886030
GSDHO.IS,6,1,21.209048058150664,0.1119677523437139,35.2,6.496136200316338,36.623027282336736,19.13718755489577,-140.50371539055672,-10.55155993214047,-0.3754251251420145,0.151859144698598,3.750253586208119,3.709999958674112,-1,4.134972439401928,3.932321643524131,3.73,-1.3227513227513144,2025-06-02 23:30:20.886030
MEGAP.IS,6,1,17.685139082951682,0.088342612191816,7.335907335907339,17.126217569512555,38.74561899365577,12.011261465749712,-143.11764729753236,-9.395972134148693,-0.3038928884477822,0.0802473645661162,2.733296171888618,2.696666717529297,-1,2.9119031828524053,2.868139550067,2.7,-2.877697841726601,2025-06-02 23:30:20.886030
TSPOR.IS,6,0,29.9673828079038,0.0838801973961489,0.492610837438424,20.34375538088221,21.766638377934104,20.16394734913228,-122.24173881678016,-18.888884620901862,-0.3384363705760947,0.0331893509943167,0.7469472686248184,0.7333333492279053,-1,0.8296550432623938,0.7714003692258976,0.73,-2.6666666666666727,2025-06-02 23:30:20.886030
TARKM.IS,6,0,20.21887844729938,-0.0338804347924912,0.181159420289855,21.260132026413352,24.10642889536546,18.29523184584448,-171.07082197732743,-14.992927864214993,-0.5675091424410816,11.394737883690762,308.78803245436103,302.75,-1,334.97652716265657,315.79642048760843,300.5,-1.4754098360655776,2025-06-02 23:30:20.886030
BRISA.IS,6,0,14.450386796232266,-0.0652405989527277,0.1834862385320996,20.676973217666937,24.36793379230731,37.11113921189612,-169.5116988573404,-9.897177732132164,-0.3097184062920191,2.2750720911708813,72.10223016487416,70.86666615804036,-1,77.75667260744316,75.1774256300529,70.1,-4.365620736698506,2025-06-02 23:30:20.886030
ARENA.IS,6,0,49.0071305970378,0.0757745388439251,21.445378151260517,24.380960467839703,25.66783079974019,21.425843708121224,-141.28209186924852,-21.010096232485385,-0.5011747845532876,2.3213891310695884,33.06334746053204,31.68666776021321,-1,38.54606678703399,35.03907842469344,31.28,-3.0978934324659257,2025-06-02 23:30:20.886030
MAALT.IS,6,0,15.351827490962489,-0.0813251191186938,0.07380073800738,20.95389187890568,25.90140808668982,21.122917253969806,-179.19862933686375,-11.2666200139958,-0.4189624798373241,19.0757637137214,652.3296146044624,641.0,-1,698.2055202880784,687.3361093608237,634.0,-3.279938977879482,2025-06-02 23:30:20.886030
GSRAY.IS,6,0,26.494574993974133,-0.1137087735785662,0.0,28.348427643336198,25.98115692804651,21.13598702781613,-190.03595696673688,-23.113203621623395,-0.5823043877876579,0.0836157751053139,1.737363070914518,1.653333346048991,-1,1.9230958825894893,1.848779370145676,1.63,-8.426966292134841,2025-06-02 23:30:20.886030
IHEVA.IS,6,0,13.914962942029192,-0.0782249900227556,2.459016393442617,22.25996436713716,27.392754257988276,17.440279322198137,-180.0314167705053,-11.111116630059485,-0.2509125722548617,0.0707701093971408,1.966369156058855,1.9399999777475996,-1,2.15112161662223,2.065691099640355,1.92,-4.000000000000004,2025-06-02 23:30:20.886030
AGHOL.IS,6,0,20.185130482254632,0.0524233053478298,0.0,0.0,31.22542696154309,20.448223203569444,-130.11710940423526,-14.702359365371404,-0.1135684049422849,8.846628603701776,254.8635592973256,250.46666463216147,-1,277.9773134950317,268.33768958208753,247.2,-3.4375000000000044,2025-06-02 23:30:20.886030
AKSUE.IS,6,0,42.99666560242707,-0.0358400551100477,38.333333333333336,10.2856543888777,31.53801716100792,31.68709665343676,-156.33401278382763,-27.619486055449677,-0.2372968730336908,1.4609107180096352,17.28383401441284,16.25333372751872,-1,20.853727771989423,19.15677943620362,15.75,-13.840262582056894,2025-06-02 23:30:20.886030
VERTU.IS,6,0,15.381596394001598,0.0248695563964506,5.555555555555562,13.175662957887754,33.226974484893006,12.130430654115711,-152.08534333553493,-8.873927758412469,-0.1928372615809922,1.2163480752824092,30.47066945623433,29.926666895548504,-1,33.30269935374757,31.239750303777534,29.78,-3.499675955930004,2025-06-02 23:30:20.886030
TAVHL.IS,6,0,12.799018463154042,0.1240252704050969,10.544412607449845,6.203180915684713,35.11493980844555,27.01882815496901,-129.95338879362842,-9.519834259606602,-0.1338112424373377,6.5671955713087655,219.4564886808879,216.7999979654948,-1,235.4503923256181,229.01114214158005,216.7,-0.5050505050505194,2025-06-02 23:30:20.886030
ACSEL.IS,5,2,14.431097227032833,0.0732386441602604,7.927927927927938,21.15482940222364,35.64927873853812,13.176080398890363,-128.4436203608035,-8.799265452233941,-0.5023844067470469,4.471651375266889,100.39543642427086,100.58333333333331,-1,112.1412054651996,105.44133023036667,99.5,-0.5000000000000004,2025-06-02 23:30:20.886030
KERVT.IS,5,2,29.49111466803155,0.1819408442290704,31.57370517928286,27.49118034596445,36.0724745781879,13.68478966319189,-100.01422174461224,-12.2512454998493,-0.4746955305511456,0.682669724056429,14.299330548872572,14.189999898274742,-1,16.088878790369836,14.728027896121969,14.11,-1.328671328671338,2025-06-02 23:30:20.886030
FMIZP.IS,5,2,13.791656061100792,0.0714339306040579,14.285714285714285,29.998975089517177,36.23479452912007,17.03988239176225,-122.2206856282368,-8.171521035598705,-0.4452088909811377,12.180327547349735,286.7801724137931,286.3333333333333,-1,314.59078492861727,296.44544957503416,283.75,-2.239448751076656,2025-06-02 23:30:20.886030
THYAO.IS,5,2,14.065877308902902,0.2299598529794944,22.25609756097561,18.591249008026253,38.82657956769222,34.53141116915569,-100.51178790166936,-7.775919732441472,-0.2962851824660887,7.45298545417877,276.16049695740367,274.75,-1,295.4058114734433,293.61354644832943,275.75,1.192660550458724,2025-06-02 23:30:20.886030
ENJSA.IS,5,2,11.255377349147704,0.1237009370957738,5.596107055961064,20.29516836055958,39.98672957957072,18.342509765829767,-141.74231147641729,-8.231168255411292,0.0450996054997647,1.857239032892619,52.97479693352813,52.21666717529297,-1,57.53221249657107,55.92097816662076,52.4,-0.5692599620493399,2025-06-02 23:30:20.886030
MANAS.IS,5,1,25.77069797585012,-0.0213204115439389,0.6259780907668239,43.91752642023096,22.43973733371724,42.34040032303911,-185.0140747768801,-14.951766233258471,-0.3487867151903592,0.3678716551322507,5.469847888540302,5.303333282470703,-1,6.263844920968142,5.949887659815661,5.29,-0.9363295880149723,2025-06-02 23:30:20.886030
RUBNS.IS,5,1,21.21565885496469,-0.1218524895809428,0.8550330353672713,37.50983587240916,23.12047595498435,17.04415332498583,-233.0650841121612,-17.191601925838015,-0.4771083937244637,0.893539596857652,19.744787394154145,19.046666463216145,-1,21.70455347341522,21.388123223034142,18.93,-7.205882352941173,2025-06-02 23:30:20.886030
ISFIN.IS,5,1,15.988671832795337,-0.168095060951644,10.982658959537568,31.378625366246425,25.735185780839576,20.083883017748,-215.701637460062,-14.219468768012671,-0.4175349552835786,0.4014940550866414,11.553732555729862,11.240000089009603,-1,12.462809473515346,12.326609900728162,11.1,-6.879194630872487,2025-06-02 23:30:20.886030
BANVT.IS,5,1,17.875803983727348,-0.0725518044593754,0.7436399217221158,31.92559962195446,26.58126774130033,19.94371495075525,-209.62750272381024,-14.177107040129384,-0.325453052493752,8.366035976210098,198.02768414789475,193.2999979654948,-1,217.46268640224017,217.0088170559679,191.9,-4.764267990074433,2025-06-02 23:30:20.886030
CLEBI.IS,5,1,53.241226624258665,0.1414047971517232,5.107692307692307,35.99865772007915,28.754261483369653,14.954856156467512,-107.96420371038695,-29.46175637393768,-0.4546265150957877,145.61259144986636,1810.242393509128,1747.6666666666667,-1,2165.8521222844006,2056.729145556033,1743.0,-3.434903047091409,2025-06-02 23:30:20.886030
CEOEM.IS,5,1,25.492906099900917,-0.0496117543294655,10.95137420718816,36.59912010274624,29.141505578884047,24.59540887385024,-207.57417540475447,-14.501722217812526,-0.1628278220734663,1.492759667550398,25.907464251798743,25.059999465942383,-1,29.36156511036418,27.592015765864065,24.88,-5.399239543726242,2025-06-02 23:30:20.886030
CMBTN.IS,5,1,14.064737005819993,-0.0813512519964459,0.9298998569384836,33.7945747069604,29.96867614314344,19.33652086847227,-189.33986719221653,-9.87219039224328,-0.5018895651901014,95.92589766162112,2099.083164300203,2061.6666666666665,-1,2335.8677018016742,2235.5550348791166,2045.0,-3.809971777986832,2025-06-02 23:30:20.886030
LKMNH.IS,5,1,15.762077352397656,0.0341666221190792,13.669064748201428,29.697755594073456,30.35849186065781,37.628879831814906,-139.94473275728012,-11.696223027881771,0.1902248389284716,0.5486395553481687,15.307058271481589,14.899999936421716,-1,16.54539770054732,15.652650246878602,14.86,-2.8758169934640643,2025-06-02 23:30:20.886030
MEKAG.IS,5,1,22.08348852665828,0.0503843693229377,0.6235385814497415,21.45454972925808,32.00326658405626,17.205248091836484,-165.10477383674507,-12.049864398606632,-0.419511337943828,1.5186589952277618,38.97131764332615,38.26666641235352,-1,42.325964148372094,40.795820619617686,38.1,-0.8844953173777204,2025-06-02 23:30:20.886030
MTRKS.IS,5,1,17.379329172510737,0.0398216533789856,16.1026837806301,22.427199263063493,32.087341555297655,18.897078834878176,-137.20474247731042,-8.928567711728473,-0.4015671356596054,0.7464190196377878,18.89679528830259,18.566666920979817,-1,20.76703330361992,19.878404278143865,18.36,-2.9598308668076223,2025-06-02 23:30:20.886030
MAVI.IS,5,1,13.947152880449927,0.0361600920922665,0.9849663037843416,24.24501588009118,32.87548397753527,17.95306770533634,-157.157250356535,-11.077571773876926,-0.1884829709259861,1.024633272342962,30.82415208758495,30.30666669209798,-1,33.341337164943354,32.34308774882415,30.3,-0.8507853403141308,2025-06-02 23:30:20.886030
KRDMD.IS,5,1,14.27877125620508,0.0827010375374073,4.006410256410256,24.819316303567447,34.31760549278437,33.78761717778982,-156.80817411443135,-11.82108979071877,-0.2678263061069871,0.7877892210087,22.36352958833953,22.02666664123535,-1,24.25104357373131,23.8327140615176,22.08,0.8219178082191858,2025-06-02 23:30:20.886030
FROTO.IS,5,1,22.322420530505195,0.0855812149954998,6.751054852320689,20.060280665732776,35.10342191753996,22.008513397388164,-155.3186856590904,-15.846714208342284,-0.2692912863051256,3.491856736504729,82.77525401550665,80.5999984741211,-1,90.63195528716652,88.4462391578226,81.25,1.3724266999376011,2025-06-02 23:30:20.886030
KRONT.IS,5,1,24.787316736387176,0.08980997311254,6.551059730250479,26.348524722593275,35.10569012746021,21.341868670677226,-134.54217852124637,-17.157895941483346,-0.2664670742817236,0.7628622725853742,16.118651162780083,15.75333309173584,-1,17.900351776076853,17.570469404684562,15.74,-1.5634771732332742,2025-06-02 23:30:20.886030
SARKY.IS,5,1,14.729205930923811,0.1439562777749613,1.7019422565031088,27.640645274792178,35.183397036556904,14.679072298275038,-121.82443107224968,-9.422173618974275,-0.4608257947007306,0.5024372592948235,17.47056794311647,17.380000432332356,-1,18.77426214719167,18.086982965155084,17.4,-0.6849315068493178,2025-06-02 23:30:20.886030
NETAS.IS,5,1,17.302301174818382,0.0286080686676024,0.997123681687446,21.992176269368755,35.34277869084252,14.709081098302976,-156.26814966540613,-12.162658413946138,-0.348948274026752,1.916739864714867,48.48405718851766,47.65999984741211,-1,53.13330625247973,52.18216185567526,47.52,-0.6273525721455453,2025-06-02 23:30:20.886030
TSGYO.IS,5,1,12.22942381527836,0.0251005967790438,0.7862759113652569,21.22313466291447,36.25158655831879,12.271953831975772,-166.64811091443943,-9.643911581653343,-0.3581903165677029,0.2362999350438999,6.19673428380707,6.120000044504802,-1,6.774223836390204,6.657286238071055,6.09,-1.932367149758452,2025-06-02 23:30:20.886030
SEKUR.IS,5,1,41.01810452337359,0.1694196131799523,43.29210275927688,20.30623905422581,37.47145719197263,21.795516866309995,-110.54593976371685,-15.845074048553212,-0.2530968696668494,0.9884567226616742,14.54943203974447,14.283333460489906,-1,17.190258381223245,15.54779415457228,14.34,-0.4166666666666652,2025-06-02 23:30:20.886030
ANSGR.IS,5,1,9.493243803984278,0.0198222803907624,29.273084479371324,24.15989266777012,38.27074822166597,13.001751266732608,-148.90761352922564,-5.077261094474558,0.0165398598259933,2.9902204898980185,87.62611578734362,86.53333282470703,1,85.76025845348273,90.8609611701356,86.0,-1.2062033314187204,2025-06-02 23:30:20.886030
IZMDC.IS,5,1,8.819191536910264,0.1345889850879308,17.00404858299595,19.384792854012957,43.63856047763852,24.68378314256996,-143.79084468467514,-7.358496779010097,-0.1347110530115535,0.1580058502243959,4.933782904917038,4.903333346048991,1,4.7516290420385925,5.004365394899141,4.91,-1.8000000000000016,2025-06-02 23:30:20.886030
YKSLN.IS,5,0,13.01235838174012,-0.0433841268346853,0.96286107290233,60.26580142570307,23.29297163336048,10.002887088072423,-174.06624461072727,-6.6937106530744535,-0.3517179139682518,0.1767656223507014,4.725821496023368,4.640000025431315,-1,5.150030194155414,4.872281409519683,4.6,-4.761904761904767,2025-06-02 23:30:20.886030
SMART.IS,5,0,18.185312415442024,-0.1263530228256602,0.7633587786259572,38.5696919007467,24.32295701168805,13.510453019289244,-215.5894864259016,-13.949956462850048,-0.4154579580267639,1.0293362165205568,23.55474673033244,22.886666615804035,-1,25.96669001742409,25.147930726969435,22.7,-2.991452991452992,2025-06-02 23:30:20.886030
FRIGO.IS,5,0,12.7030138508769,-0.2333586619417978,0.0,41.358131007753066,24.474155840568887,27.7704229147823,-264.6748365017269,-10.359709495701123,-0.350145183613039,0.2340248965178306,6.477880250609671,6.309999942779541,-1,7.045392979484127,6.960633521713137,6.23,-2.959501557632393,2025-06-02 23:30:20.886030
ZOREN.IS,5,0,16.57740867124389,-0.0654697908302479,0.0,38.64231430107818,25.31300189791479,26.1572437052516,-185.13743333020955,-12.612608032973649,-0.2732501797096049,0.0854307281317243,2.9926673717963044,2.933333396911621,-1,3.190779553288229,3.2166526373374085,2.91,-2.999999999999992,2025-06-02 23:30:20.886030
KRGYO.IS,5,0,48.85561997350138,-0.1877887635865512,37.923457242263325,33.37797307253542,25.848153310037198,25.25474312510021,-262.47847408946615,-35.35714149475098,-0.3193328909528124,0.8763724666810939,10.65215019763846,9.270000139872232,-1,12.155339154881828,12.421005631667803,9.05,-3.927813163481941,2025-06-02 23:30:20.886030
SMRTG.IS,5,0,15.14568336649018,-0.1115272050356257,0.0,40.573241561242,26.58188398994879,12.816084354390034,-216.30025443174733,-12.45136230087101,-0.3658224030680724,1.104403059046941,27.899391170447544,27.30666669209798,-1,30.71688940547257,29.8328027123752,27.0,-3.0172413793103425,2025-06-02 23:30:20.886030
BIZIM.IS,5,0,16.368554045358156,-0.0920297370088348,3.128371089536129,53.15044288609798,28.40489054617069,13.605744716566567,-199.75818475548087,-11.532505900306194,-0.2697481785825306,0.932587193381086,23.62450333299308,23.173333485921223,-1,26.134549266372588,25.33759830381627,22.86,-5.145228215767639,2025-06-02 23:30:20.886030
INTEM.IS,5,0,12.815222100942329,-0.113085559065316,0.0,40.61922550557419,29.10103163029858,13.437969278081653,-209.0182746002821,-11.691542288557214,-0.3391155056169884,6.454168688629953,182.10446214966063,179.56666564941406,-1,198.82297915748885,191.915165743835,177.5,-5.080213903743314,2025-06-02 23:30:20.886030
CRFSA.IS,5,0,12.771633851463069,-0.177511435555433,1.0416666666666614,42.217023362177706,29.13094157207566,19.57910573533007,-211.9168138123496,-10.93942930432466,-0.3405909007118949,2.47578287837436,74.92728330445821,72.83333333333333,-1,80.60684124789817,78.78800748670005,72.05,-5.878510777269764,2025-06-02 23:30:20.886030
ANGEN.IS,5,0,7.589165050746848,-0.1933194029384806,0.8310249307479374,49.41152505421023,29.2373290380896,9.09888954416619,-244.61752807245247,-7.404102773252575,-0.3563036815179773,0.2782244512736596,10.584340810292147,10.456666628519692,-1,11.285998598006843,11.057218251276502,10.38,-1.236917221693612,2025-06-02 23:30:20.886030
AKGRT.IS,5,0,14.356497639934071,-0.0491649156604008,15.128205128205147,47.38050090684306,29.72286731019008,22.14417032599287,-172.37915595616312,-10.954613832411958,-0.1409827498705801,0.1801905319869437,5.859097345363779,5.733333428700765,-1,6.25568345407302,6.3096910821997385,5.69,-2.06540447504302,2025-06-02 23:30:20.886030
EGSER.IS,5,0,10.325412844658514,-0.1176635054223938,3.973509933774839,37.50179744734494,29.97913596417824,14.657728651264357,-221.69346845213883,-9.969786387033604,-0.2576735816778421,0.0871563500830363,3.049097337539007,3.003333330154419,-1,3.2616790472327586,3.1562936259665384,2.98,-1.650165016501648,2025-06-02 23:30:20.886030
DGNMO.IS,5,0,13.924925313160744,-0.107148650267523,0.0,25.615265618855418,30.546396505317905,9.496172237148956,-169.95493491664402,-9.436839363726513,-0.4009773051313471,0.2218718982991723,6.1399795936522565,6.059999942779541,-1,6.752432672110335,6.479310865532451,5.95,-4.0322580645161255,2025-06-02 23:30:20.886030
ELITE.IS,5,0,26.37477088028542,0.0473473769364514,40.87523277467412,21.650610719265448,31.777314304080537,19.749752919543997,-137.86566717347137,-12.718201167544745,-0.3997219009042372,1.8183113321116056,36.315152421684346,35.426666259765625,-1,40.793839790182304,37.83996928846268,35.0,-2.343750000000011,2025-06-02 23:30:20.886030
OZKGY.IS,5,0,14.405315832453637,0.0334444356872063,23.392857142857157,25.318677602611853,31.89027573950941,17.72544352838945,-149.8079050299533,-12.00360950238341,-0.1477587037572193,0.3097093002103311,9.945456386821506,9.830000241597494,-1,10.750315153535103,10.407480909595389,9.75,-3.4653465346534573,2025-06-02 23:30:20.886030
KRSTL.IS,5,0,21.14015558116633,-0.1494992411899449,30.76923076923076,28.864419909067465,31.98863792403938,22.15604724534648,-255.2602270756755,-16.75824494325016,-0.2678926595015532,0.2936214316193379,6.369594278490325,6.129999955495198,-1,7.0153075986773885,6.604765233728833,6.06,-3.194888178913746,2025-06-02 23:30:20.886030
ALARK.IS,5,0,13.595930490466058,-0.0541836862976006,8.881922675026125,26.75644790868231,32.253564264225155,28.825194159293588,-187.45295075784185,-10.98654232919949,-0.2120588803692987,2.836853822158195,81.32865169904295,79.78333536783855,-1,87.7501356133699,86.46409264943671,79.4,-0.7499999999999951,2025-06-02 23:30:20.886030
SKBNK.IS,5,0,25.97447823202289,0.0324371279439109,39.09953120480043,24.982494896516755,32.7723384636679,23.968495922545728,-173.5768539447323,-18.7499994521632,-0.1717675522537672,0.1786802573218804,4.580111640462044,4.450000127156575,-1,4.985450893895098,4.887442556090372,4.42,-6.7510548523206815,2025-06-02 23:30:20.886030
GOKNR.IS,5,0,18.23526660391721,-0.0623665932048357,20.88535754824065,26.375710733800517,33.53384783845888,16.771311303576045,-188.0516208021033,-13.899326244521657,-0.1936007653325039,0.9789065333944548,23.69075053990733,23.019999821980797,-1,25.88681862158191,24.2680673264976,22.92,-5.210918114143914,2025-06-02 23:30:20.886030
PETUN.IS,5,0,12.714508071634494,-0.0833110538565217,16.395465531985412,25.575183462420878,36.9252641982336,17.68732948023741,-174.34772660748476,-11.029413237880425,-0.2474111464488592,0.3022210284094359,8.715466662788003,8.583333333333334,-1,9.527993193856082,8.91832849155652,8.47,-4.7244094488189,2025-06-02 23:30:20.886030
ULKER.IS,5,0,14.144758923199266,0.1048984369005746,6.516853932584267,25.25634502653679,37.46483614115378,16.996079967471015,-138.6805549121977,-10.365333274908288,-0.1675417705342642,3.207901574878699,107.02220967817016,105.43333435058594,-1,114.46380756854984,112.1509853844004,105.5,-2.405180388529138,2025-06-02 23:30:20.886030
SNICA.IS,5,0,14.33858339299799,0.1348125985354336,3.0549898167006093,27.472031055206106,37.88136775216043,16.593117923998005,-118.24787222447816,-10.38646961850377,-0.3764782628512922,0.1367620404032297,3.771257616443518,3.733333349227905,1,3.6476652660101054,3.8977503219535863,3.71,-1.066666666666671,2025-06-02 23:30:20.886030
MERIT.IS,5,0,12.999521669141595,0.1128500062485612,3.2256490475068835,14.622255998158469,40.48716587290495,12.985624809679717,-128.04531642617383,-6.26525229031212,-0.2272608276299063,0.4305190794389413,11.718864157523877,11.633333524068195,-1,12.930851989283989,12.1862733067464,11.52,-2.2071307300509324,2025-06-02 23:30:20.886030
EYGYO.IS,4,2,20.419056050139297,0.1746419287377801,16.035898100931334,30.00341525455656,32.262884188955816,15.776413311911144,-123.30554069490364,-9.28269201750415,-0.4247711966833179,0.0883526804464275,2.157687714810787,2.133333365122477,-1,2.3840048995775183,2.216745137024331,2.15,0.938967136150226,2025-06-02 23:30:20.886030
KONYA.IS,4,2,16.110165359101316,0.0994278910428543,3.872579637726421,35.56702879686645,33.623827031453246,25.53327458990171,-125.32253665904436,-10.198789974070872,-0.5376516541506435,199.2904243835912,5256.447768762678,5211.666666666667,-1,5782.832426739909,5469.78249926345,5195.0,-1.7958412098298626,2025-06-02 23:30:20.886030
TMPOL.IS,4,2,43.46111767296602,0.2393132922248874,22.41918665276329,28.98281002043642,36.73659688354631,15.330458706582396,-104.11722636027766,-9.98719023656301,-0.2080632626734907,3.745181201230405,71.37779102751014,70.06666819254558,-1,79.74565238562752,74.7477371892235,70.3,-0.7062146892655385,2025-06-02 23:30:20.886030
MERKO.IS,4,2,20.46865472118312,-0.0056916183684022,35.27093596059113,33.04111849213531,36.93607693363997,11.770568421028551,-149.12962761478468,-11.849896555527923,-0.379726089230131,0.8671475419994156,13.926359004471411,13.630000114440918,-1,16.228938987702744,14.875412336433484,13.39,-4.288777698355961,2025-06-02 23:30:20.886030
SEYKM.IS,4,2,9.910367491922344,0.0404954472867507,1.5645371577574925,31.561312543868844,37.27640397121022,18.049827349603746,-111.62352422332565,-7.491857461721198,0.2171263875905896,0.103779918162738,2.8773731945977974,2.873333295186361,1,2.811424946886507,2.950524994458001,2.84,2.52707581227436,2025-06-02 23:30:20.886030
TURSG.IS,4,2,12.2486787851196,0.1742428499804593,59.04872389791183,42.01689368839526,39.46897179663053,24.436840487555,-110.95969358558652,-5.729165114462437,-0.3891232308825612,0.5581561299606298,16.382272383745978,16.323333740234375,-1,17.61920499354008,17.022556492012537,16.29,-1.2128562765312267,2025-06-02 23:30:20.886030
ERSU.IS,4,2,10.140110763660308,0.1462271890146362,10.864485981308407,26.52253870316491,41.02039684271137,17.01673409441251,-122.93654089279217,-8.091022488388322,-0.1277824081919973,0.6568869591140656,14.628813364442898,14.550000190734863,-1,16.36511169876812,15.253438466018247,14.54,-1.690331304935766,2025-06-02 23:30:20.886030
TUREX.IS,4,1,159.68399698951686,0.1644907877551099,17.113538563389604,53.26060458488172,21.200756465960573,54.82117290463325,-98.78379032144215,-57.51903506072231,-0.2385538512060562,2.40046883236919,15.677819700802074,13.80666700998942,-1,21.51926722245672,17.09012527251002,13.39,-18.94673123486682,2025-06-02 23:30:20.886030
JANTS.IS,4,1,12.543379060608034,-0.0154657012684649,0.2293577981651327,49.576370407399885,30.1258469580956,10.890381290680338,-180.58458547418337,-9.074241842019784,-0.4308037339908852,0.782038934207358,20.14924972487753,19.99333318074544,-1,22.40835487923262,21.28310480555553,19.84,-0.9980039920159612,2025-06-02 23:30:20.886030
AYCES.IS,4,1,12.927624686720788,0.049500145048875,1.6376663254861823,34.62318117342198,30.24846314636237,13.596930404408232,-153.59477124183007,-8.663224325874928,-0.4154306121507566,12.210004924464272,402.2345334685598,397.5,-1,430.88982878006266,419.5189314285383,398.0,-0.8099688473520272,2025-06-02 23:30:20.886030
KMPUR.IS,4,1,14.027179888039669,0.0316149228232265,0.9316770186335424,30.91109343805719,30.39134245370642,27.80916918736729,-156.26468647222853,-9.443725967299336,-0.0868764862639859,0.4761691468629599,14.222829630118596,14.096666653951011,-1,15.437164276929815,14.945658529601896,14.0,-2.0979020979021046,2025-06-02 23:30:20.886030
MEPET.IS,4,1,13.998371685328776,-0.0326530828063185,4.247787610619473,33.25704329514412,31.364549346397727,14.392925342614165,-203.32519822186217,-9.374997134391974,-0.1630423713305085,0.2929262336313212,7.698945292594708,7.543333371480305,-1,8.405435292827777,8.038358087355089,7.54,-1.308900523560208,2025-06-02 23:30:20.886030
PNLSN.IS,4,1,22.732634385143008,0.122824488752856,1.06343967730106,44.92768974181463,31.93525232721849,24.50381557718974,-125.75481004577998,-15.53072509617992,-0.3763804885152794,1.5110207319112845,30.53257588198896,30.446666717529297,-1,34.777233797569984,33.62457130416866,30.24,-0.1980198019802093,2025-06-02 23:30:20.886030
YEOTK.IS,4,1,12.059800953170129,0.0219460738976093,0.4221427119774568,30.97215550944012,31.945701680778168,19.952761364606108,-170.42097690869295,-6.249996561270367,-0.4436224386749912,1.6437360339526943,39.8250917276069,39.27333323160807,-1,44.03190915274202,41.39474249012238,39.0,-2.3046092184368816,2025-06-02 23:30:20.886030
SDTTR.IS,4,1,15.181932075560296,0.0075829501736671,1.6709511568123356,37.16277904064717,31.955087762735022,12.733759098048871,-152.21105415539978,-7.397260273972603,-0.5415285503099815,6.798010852179458,172.62778729792782,171.26666768391928,-1,189.59238945793356,176.8878713629019,169.0,0.1778304682868992,2025-06-02 23:30:20.886030
GEDZA.IS,4,1,18.202922483258565,-0.0364539521819683,11.524163568773227,43.31032697198014,32.23883594918552,11.571289096266478,-196.9011609844232,-12.855908123396077,-0.4162974886450513,1.0251058143580047,20.752434475184938,20.2466672261556,-1,23.025443316946728,23.218591291389668,20.2,-4.627006610009444,2025-06-02 23:30:20.886030
AKFGY.IS,4,1,14.08750762567554,-0.2983507856474591,22.34042553191489,32.67770191038443,32.51470557297327,23.53475465364869,-258.65785199780385,-13.69863304507548,0.0833826973249162,0.0732430877338162,2.0081338554802093,1.9299999872843423,-1,2.1795208512017274,2.0969247431783864,1.89,-5.970149253731338,2025-06-02 23:30:20.886030
INDES.IS,4,1,16.99825003650563,-0.0615183496707844,10.416666666666655,41.86730094601902,33.17117484990707,20.42700350400156,-202.17886689904543,-10.071939978069606,-0.2086922918865266,0.2576595817320988,6.5086105276072965,6.33999999364217,-1,7.155798760842661,6.9252864261066085,6.25,-6.716417910447758,2025-06-02 23:30:20.886030
TUKAS.IS,4,1,22.84736097312729,-0.0202197076996061,5.15075376884422,33.45335448011688,33.5151704183973,18.30842946829214,-162.52301156120117,-16.666668138386264,-0.3339400272344917,0.1108186277174498,2.326196719376601,2.2733333110809326,-1,2.599483440251724,2.412682917736114,2.25,-2.5974025974025983,2025-06-02 23:30:20.886030
SANKO.IS,4,1,11.47227201089136,0.0105901615559959,2.2711631108052184,37.890418938241865,33.80392577792375,11.053052778605398,-196.21265265621017,-9.57346171205599,-0.4391537614061118,0.6043772200666971,19.38911770516912,19.049999872843426,-1,20.682797082139924,20.53311997610819,19.08,-3.3924050632911484,2025-06-02 23:30:20.886030
DOGUB.IS,4,1,15.573755795415853,-0.0233454220329232,4.223968565815321,37.7697257300309,34.172041763466886,18.53136954671097,-178.87966530391913,-10.904873198376984,-0.1680998571869872,0.7438613451229482,15.75257600973876,15.463333447774252,-1,17.71482605125643,16.53770768218482,15.36,-4.358655043586546,2025-06-02 23:30:20.886030
MERCN.IS,4,1,29.1826500866907,0.0058384817184568,29.407937540663625,34.40639846034744,34.84431570657841,22.96747854048386,-150.76459194568693,-22.136064816235027,-0.2492901886744545,1.202152041368279,15.895751754845856,15.59999974568685,-1,19.153495644367197,17.806404346279706,15.25,-4.925187032418943,2025-06-02 23:30:20.886030
RYGYO.IS,4,1,14.711451898798083,0.090050083431314,41.235392320534224,37.04623451313843,35.35310252701283,21.185541549223714,-157.65867468695566,-9.429979936598444,-0.1110945999736695,0.4392545569261897,12.94047657616482,12.866666793823242,-1,14.114657305930052,13.42877112531422,12.87,0.6254886630179923,2025-06-02 23:30:20.886030
HUBVC.IS,4,1,8.061251020134826,-0.1606223893999244,0.5298013245033117,45.24709714738034,35.62587169571443,14.27979500871609,-205.8326316394604,-9.090907243657693,-0.0748988016994074,0.062604002607874,1.637454355706066,1.6200000047683716,-1,1.7996598994748187,1.755820930780582,1.6,-1.8404907975460016,2025-06-02 23:30:20.886030
ATAGY.IS,4,1,20.20255335998432,0.0310284472755919,16.597510373443995,42.12545396176972,35.74183534563206,29.066107078137325,-129.29853656860004,-11.283372133339938,0.224596467527637,0.5441777574226597,10.794422080985914,10.363333384195965,-1,12.071507681235058,11.503328645266173,10.3,-5.936073059360714,2025-06-02 23:30:20.886030
YATAS.IS,4,1,12.959638517158783,0.0890018277467262,6.831566548881039,49.991641011697226,36.33698668735849,18.98618470266504,-123.6193125443872,-7.608699434807291,0.0482857365352615,0.7579116833969822,24.202312043907675,23.773333231608078,1,23.768527395359783,24.846708671604404,23.8,-2.9363784665579096,2025-06-02 23:30:20.886030
FADE.IS,4,1,15.198463051808275,-0.0269644992585696,7.264296754250369,40.088226804390565,36.5153698740958,14.83731287876273,-134.70314955019558,-9.935664134305703,-0.3531978251019858,0.5062744280273894,12.92993932611802,12.90000025431315,-1,14.04512797617115,13.46188606651566,12.6,-5.47636909227307,2025-06-02 23:30:20.886030
PAMEL.IS,4,1,14.646245798470938,0.0651414386352037,9.380692167577424,48.73140142821232,37.17785464149552,12.167238504387758,-142.37963544101723,-7.361601752262511,-0.2685065517295441,3.5722182265399582,80.13529497034409,79.01666768391927,-1,88.76498734122812,86.07169127684215,78.65,-1.8714909544603864,2025-06-02 23:30:20.886030
GRSEL.IS,4,1,21.065250268908184,0.0132711288463342,70.947265625,37.736431073675455,37.72256419917127,19.3447177545058,-141.0893246187364,-11.03448275862069,-0.2965836314601798,13.432344048855873,266.33138945233264,261.5833333333333,-1,302.5982356874612,278.41282755383475,258.0,-4.089219330855021,2025-06-02 23:30:20.886030
MARKA.IS,4,1,18.817915365715685,0.1246860598783213,12.567975830815708,40.62247635963844,37.74835577749985,20.761040115910223,-136.79956242401158,-9.428301636666056,-0.3527846514585874,3.089033392824994,48.9195442702659,48.73333358764648,-1,57.63689319454109,52.91608215443835,48.32,-2.383838383838388,2025-06-02 23:30:20.886030
SUNTK.IS,4,1,34.70649678101177,0.0334281796696705,49.0967365967366,56.4470481220834,37.888910968124414,22.667521586534257,-149.32881061749052,-20.88697808386313,-0.1143918691773168,2.789279166658002,34.61640972733255,33.79333368937174,-1,42.66960175049433,40.92207058322687,33.18,-2.4117647058823577,2025-06-02 23:30:20.886030
KARYE.IS,4,1,21.313569860223144,0.1796678855612438,40.70397111913357,59.22443180333996,38.29696076657269,14.305834303939356,-109.58581394413646,-6.178158419279348,-0.6169482257741793,1.2474337171133585,26.377322796633955,26.43333371480306,-1,30.04182358741521,27.358499438092355,32.46,8.272181454302864,2025-06-02 23:30:20.886030
BOSSA.IS,4,1,5.158016310842151,-0.0081633070817389,6.060606060606066,48.59532547185213,39.15359636525357,15.01871686744724,-130.6070176901353,-4.306219804591067,-0.353616840437127,0.1811804675057269,6.078103385638997,6.059999942779541,-1,6.60944136780884,6.21794591114045,6.0,-3.0694668820678617,2025-06-02 23:30:20.886030
KRTEK.IS,4,1,24.929190595135108,0.2040908428955044,15.322580645161285,28.99715038618845,39.81691142408406,19.26648918289916,-124.02250728832078,-15.379448684028748,-0.0908581293782091,1.2849920083119453,25.04020300162975,24.65333366394043,-1,27.6408446554552,27.61885501716764,25.2,3.6184210526315703,2025-06-02 23:30:20.886030
ENKAI.IS,4,1,21.447992682466904,0.2629513143451272,60.02766251728907,9.34586716729279,45.306773719451975,24.9425148599156,-107.1053383429349,-10.294117647058824,-0.3369006468976825,2.772402718761137,61.10978673195984,60.449999491373696,-1,68.23782853481696,62.32923411766907,61.0,2.6936026936027035,2025-06-02 23:30:20.886030
FONET.IS,4,0,19.719685343310037,0.0255388400143649,8.975175047740294,31.3748330918993,30.028001775437268,14.5493402762258,-158.033950221836,-12.117181045475911,-0.4986981305613392,0.615845284621999,13.47993900132711,13.28333314259847,-1,15.018984700488684,13.772838940581217,13.2,-3.5792549306062797,2025-06-02 23:30:20.886030
HTTBT.IS,4,0,14.302807233004035,-0.0784718941599108,45.81168670525952,48.768940322536864,30.1953258982427,18.014234804773228,-201.13877417616663,-13.005514218468727,-0.3737619325228429,1.6966794866071002,39.01310377140316,38.09333419799805,-1,43.22886717665608,41.70061682478068,37.86,-4.3939393939393945,2025-06-02 23:30:20.886030
EBEBK.IS,4,0,9.435832261037351,-0.0786429167779781,2.4767801857585243,46.02831443590684,30.31828955182776,32.65892978148285,-176.9256275313954,-7.912686626779748,-0.3738352274804211,1.340996572936392,41.29963453497896,40.63999938964844,-1,44.64644974455251,43.42150209307092,40.5,-2.031930333817133,2025-06-02 23:30:20.886030
INGRM.IS,4,0,13.46752991689031,0.0480186740808476,0.932642487046632,38.65546635175384,30.36128922407616,10.376153415021506,-138.9597694583032,-7.942708333333333,-0.4400700825145669,12.885362433180754,358.5228194726166,355.25,-1,393.42202582467337,365.569880428501,353.5,-3.216974674880224,2025-06-02 23:30:20.886030
MRSHL.IS,4,0,10.827747571238476,-0.1217808495349459,4.812206572769953,47.92154410398431,32.285351745230614,22.383164016647527,-192.30254350736325,-9.202453987730062,-0.5516048482524877,50.738551108787306,1364.5131845841784,1342.0,1,1305.1035389061922,1424.8688184093126,1332.0,-1.7699115044247815,2025-06-02 23:30:20.886030
KOPOL.IS,4,0,13.448882606407892,-0.1232539388873229,6.976744186046514,50.55572627905583,32.50499232791016,12.81265041897302,-217.94878353229643,-8.914729685073075,-0.2973622858408759,0.1981488121075443,4.8517950021229215,4.756666501363118,-1,5.3518042611580805,5.184820259470356,4.7,-2.8925619834710647,2025-06-02 23:30:20.886030
BEYAZ.IS,4,0,15.957959744892891,-0.0580989956359754,5.361702127659566,52.12701988147733,32.506083746477906,11.399154621677646,-191.40296074257355,-10.729752940510426,-0.3022534368372142,0.8915153932937584,20.41588177787363,20.00999959309896,-1,22.75602004878489,21.248764798777124,19.88,-4.42307692307693,2025-06-02 23:30:20.886030
RAYSG.IS,4,0,15.62786715684098,0.0427927947283004,0.3275297362523712,45.89074579630426,32.5134662471666,10.712036032720285,-147.12389550432687,-10.600565257859998,-0.3194652821380964,9.86443719672378,226.70055818074133,222.39999898274743,-1,248.90407732195604,250.9909405093924,221.8,-3.8994800693240905,2025-06-02 23:30:20.886030
SILVR.IS,4,0,10.42452029449587,-0.186079682750596,1.6059957173447574,30.07685664204537,32.59208648365271,16.635102126310574,-200.2001380534723,-8.459212586519298,-0.1841816322735994,0.6607543954449492,15.588164144790678,15.386666615804035,1,15.04660465021994,16.376427045120042,15.15,-2.884615384615385,2025-06-02 23:30:20.886030
VAKFN.IS,4,0,18.645393092879683,-0.0377658837960405,48.06201550387595,54.92683006860808,32.60686542574835,10.530469373583584,-176.53512265465122,-12.987011244481025,-0.444587496724142,0.1010765739922453,2.069959386608905,2.0299999713897705,-1,2.3344774779889925,2.1676088964371862,2.01,-5.188679245283034,2025-06-02 23:30:20.886030
DGGYO.IS,4,0,14.266320722017891,0.014446119603331,13.144590495449956,32.049264503781934,32.763231041830664,15.741499241167336,-140.8060983037441,-7.181985899318927,-0.0784660915278842,1.4456212361427137,31.19340794468506,30.77333323160808,-1,34.71074657960558,32.194481544890166,30.5,-3.2360406091370586,2025-06-02 23:30:20.886030
KONTR.IS,4,0,18.852823232742583,0.0557705937011948,0.4120879120879114,47.593509528349415,33.35454103922913,15.75605413782348,-137.51894214906315,-12.445726131228902,-0.3152868194240144,1.237037861021712,24.90367157609177,24.413333892822266,-1,28.179605906026275,27.11016468779892,24.2,-3.277378097521988,2025-06-02 23:30:20.886030
TLMAN.IS,4,0,17.80805286454528,0.1201781623665618,0.8908685968819725,45.11064328590936,33.397581274700684,15.790271393507265,-105.58594667633017,-12.884829892334189,-0.4366616707300986,2.914315154721936,78.39234299882189,77.0500005086263,-1,85.81115344485272,81.38128692786539,76.4,-2.5510204081632626,2025-06-02 23:30:20.886030
KRVGD.IS,4,0,7.230724905340433,-0.1292525197494938,1.3986013986014,41.13602764477072,33.503100490692056,14.267452611516116,-238.57034991848343,-4.926109618287152,-0.1938207406726407,0.0560621158613305,1.9596348813532811,1.9299999872843423,-1,2.086092310520831,2.049334595110946,1.93,-1.025641025641022,2025-06-02 23:30:20.886030
SEGYO.IS,4,0,8.10766302291788,-0.1551912390277852,0.0,44.4114937679682,33.54524912351962,10.000825518214674,-216.231904088936,-5.750000476837158,-0.3897618780516989,0.1426648464221138,3.8603143958000814,3.81333335240682,-1,4.218898251136347,4.074422115457546,3.77,-4.797979797979801,2025-06-02 23:30:20.886030
MPARK.IS,4,0,15.750598116875654,-0.0056781587438852,27.635782747603837,33.930820667081846,33.66338207199049,17.538782977919627,-170.5534953989838,-12.641242937853107,-0.1223730927012606,11.1464799778914,319.1196754563895,310.9166666666667,-1,343.59161739296434,329.827781966667,309.25,-1.9032513877874744,2025-06-02 23:30:20.886030
BORLS.IS,4,0,16.862660013870084,-0.2924349153482155,73.59980261534666,34.67444711657942,33.989222418830806,20.84983947419619,-265.5135849779932,-13.346043657154944,-0.0434163355730799,4.50795028813699,97.4643008094772,94.36666870117188,-1,110.1852452543942,102.5004519444258,90.9,-12.512030798845045,2025-06-02 23:30:20.886030
ALFAS.IS,4,0,12.697953723829505,-0.1384442564577928,0.3191974464204299,50.26531909712096,34.029130394383586,13.893300431789765,-206.18854247596803,-11.806424717456569,-0.456891728496556,1.9417758154029403,43.94671346111182,42.959999084472656,-1,49.17598964800105,46.06172043062452,42.28,-4.03994552882433,2025-06-02 23:30:20.886030
PARSN.IS,4,0,14.98860132440814,-0.0251092257873891,6.439393939393949,31.88953815777706,34.217793308152366,13.886014175238529,-168.97100482063513,-10.385756676557865,-0.403564726067684,2.769906548071112,77.29203777816184,76.13333384195964,-1,84.14184738594105,78.9603055544648,75.5,-3.9440203562340894,2025-06-02 23:30:20.886030
KARSN.IS,4,0,13.12980306633376,-0.0029264859544051,1.2307692307692228,30.111916235222647,34.40495798589217,14.8111697195983,-166.6968330352264,-8.13084019689186,-0.3117668196358825,0.3201646867768161,9.982515107787403,9.87000020345052,-1,10.768017556256044,10.522688053200854,9.83,-1.1066398390341958,2025-06-02 23:30:20.886030
TOASO.IS,4,0,25.939955942973533,0.0184674101712821,12.17775595384238,30.759663538636318,34.61504473593552,24.98573227012409,-170.19149256526867,-19.586209702765803,-0.1494589478721874,7.862748811682924,180.09675239114202,175.36666361490884,-1,198.1243872914816,190.4534403897492,174.9,-0.6249999999999978,2025-06-02 23:30:20.886030
SOKE.IS,4,0,9.453866777961478,-0.0831740737895926,5.843071786310512,50.75463974542806,34.746078734209846,20.53641030070628,-168.52329375921167,-6.834534502727878,-0.4096584899023583,0.3334333910717906,10.57095335366518,10.519999821980797,-1,11.57090613937102,11.108574435919314,10.36,-1.8939393939394036,2025-06-02 23:30:20.886030
ONCSM.IS,4,0,18.127435420849626,0.0816467252577922,0.4112149532710259,43.11169107447325,34.86903057132543,17.286457659267757,-128.57715068294726,-13.484928173953094,-0.2568005356975177,3.8784356937877855,83.51156416577693,82.33333333333333,1,80.63910916759073,89.15183706881805,81.8,-1.6235718580878022,2025-06-02 23:30:20.886030
GOZDE.IS,4,0,14.980570466849407,0.0998101385274991,0.6232686980609654,57.32332490794012,35.34660089301883,24.290462552803326,-130.9184790400655,-10.104713437850044,-0.2615275931293698,0.5870053259596683,17.499239633339656,17.230000178019207,-1,18.985771709255403,18.42922449550268,17.17,-3.647586980920303,2025-06-02 23:30:20.886030
RODRG.IS,4,0,7.330002450255659,-0.194429419130537,1.846153846153846,42.58905714630496,35.36275593588308,25.648421107698525,-250.30357484385817,-5.22434147236994,-0.111968710532406,0.5902158663595541,15.736805185584943,15.453333536783852,1,15.392015046698909,16.806332037011384,15.42,-3.018867924528301,2025-06-02 23:30:20.886030
BRYAT.IS,4,0,14.059649847111912,-0.0735752906903828,10.150753768844222,34.736532835149106,35.396041494515146,23.035046887702386,-185.28214077952288,-10.984095427435388,-0.506364128725146,79.523380317013,1837.7281947261663,1801.6666666666667,-1,2031.549416350536,1903.7241082131995,1791.0,-3.967828418230568,2025-06-02 23:30:20.886030
VKGYO.IS,4,0,8.147876841593469,0.0579254409543452,44.80906753230079,32.929830196682495,35.74103468023132,14.639883647257866,-135.83458313575903,-6.06060624305064,-0.2814448100339254,0.0477574573077513,1.8796856004374507,1.870000004768372,-1,2.0086982881459257,1.908376158464668,1.86,-2.1052631578947323,2025-06-02 23:30:20.886030
PENTA.IS,4,0,21.023406301910303,0.1379432749617365,9.459459459459463,55.83992156486,35.75599586604283,19.28075889082643,-111.51835836668704,-11.134455058263958,-0.2912577339225263,0.5452922276039067,12.956561647612476,12.736666361490885,-1,14.375297461926417,13.995913183691709,12.69,-2.5345622119815725,2025-06-02 23:30:20.886030
ALKIM.IS,4,0,8.563570535548559,-0.0208999296485513,2.488335925349925,38.673295426259145,35.85172046795989,17.288482861931005,-225.96441226384272,-5.704694292329475,-0.3109798408871316,0.4524233893968722,14.251247517235624,14.050000190734863,-1,15.339558814387342,14.769689427570178,14.05,-0.7067137809187218,2025-06-02 23:30:20.886030
CANTE.IS,4,0,10.755237264401703,-0.1513645221529017,17.405977945709836,42.996747212509895,35.87841706412591,25.042206638291223,-240.9127163459022,-7.407407679948077,-0.3208134699546511,0.0627896029149413,1.5529208900236935,1.5166666507720947,-1,1.7120336905153812,1.626119288926087,1.5,-5.660377358490576,2025-06-02 23:30:20.886030
BRKSN.IS,4,0,17.31633133167425,0.0689948633661156,2.4830787825662544,50.21410877314872,36.24295250818155,28.790379535515665,-103.31557507246816,-3.326986458073059,-0.0393371292408694,0.3463792334660309,7.098786380179755,6.943333466847737,-1,8.114027880576717,7.499459124680352,6.78,-6.482758620689655,2025-06-02 23:30:20.886030
XU100.IS,4,0,9.932022988854234,0.1311295491858508,,43.69703348338643,36.25156096310727,22.973325054451536,-118.85066299193292,-7.140363652176399,-0.1973829266142218,167.070684618675,9097.04015791392,,-1,9503.19443819363,9420.064824476962,,,2025-06-02 23:30:20.886030
BAKAB.IS,4,0,15.795112328995248,-0.1262552283040726,11.350293542074366,54.258433728598575,36.25983039251895,22.24391814453007,-216.96831264705375,-11.659466356533253,-0.308395314808603,1.5480529295542862,29.898721869045048,28.946666717529297,-1,33.54427593165588,31.613945284875903,28.64,-6.405228758169934,2025-06-02 23:30:20.886030
RTALB.IS,4,0,13.491289028215933,-0.0337566377104803,15.829941203075537,57.49320593159144,36.34168765156444,17.800554172598286,-175.61525078597947,-9.999998461815572,-0.357961316390362,0.1203911877622851,2.8413995632535305,2.81333327293396,-1,3.1593939694805284,2.958184003577699,2.79,-2.447552447552437,2025-06-02 23:30:20.886030
DMSAS.IS,4,0,13.614960193250296,-0.0420376833970024,31.619047619047624,36.2116838101208,36.41780307343432,9.573819222101529,-147.00309018232826,-6.1728369220835,-0.3765530759035574,0.2880681610228136,7.0478195534758346,6.976666768391927,-1,7.888684806635519,7.387782134376534,6.84,-5.394190871369298,2025-06-02 23:30:20.886030
AYDEM.IS,4,0,13.55132709649875,0.0843864351902396,0.4403346543372948,54.617054367284126,36.47117740220702,24.790862445852643,-146.06091638350878,-6.026254266639824,-0.030848121708933,0.5400283481911761,16.24127779335811,15.833333333333334,-1,17.487774134823837,16.972572797536507,15.75,-4.545454545454541,2025-06-02 23:30:20.886030
LUKSK.IS,4,0,8.488188885281598,-0.0098358187993777,7.472178060413361,67.08963050705454,36.49950192126911,16.118746905178067,-165.44898280562825,-5.303026654138533,-0.3394894801754606,3.223488107441232,77.06085241445422,75.25,-1,84.91307409924929,79.87716242273939,75.0,-1.832460732984298,2025-06-02 23:30:20.886030
ESCOM.IS,4,0,25.02832882449296,-0.0020858571452992,8.698785482262348,33.198841805009444,36.55534920161176,19.515174939369174,-148.85844092674245,-18.481846470866,-0.2062007995506611,0.1644782382592141,2.6083062855757277,2.5166666507720947,-1,3.037462991206608,2.749084625155993,2.47,-4.999999999999993,2025-06-02 23:30:20.886030
IHGZT.IS,4,0,11.136521532354616,-0.0313099723679281,17.391304347826082,41.2546481106164,36.76584877313001,15.742139979041566,-198.59921641710403,-7.246378564303781,-0.2373056010655497,0.050356024082465,1.3056085132682056,1.2833333015441897,-1,1.4309459342220086,1.3677133500063976,1.28,-3.030303030303028,2025-06-02 23:30:20.886030
AVTUR.IS,4,0,10.510147214049695,-0.047686105507695,7.070707070707065,35.46230900863987,36.94979149163363,18.43952673236843,-211.8254451678684,-6.163754216631115,-0.0751152236930258,0.3740416172523776,10.449928838873006,10.236666361490885,-1,11.311099984365027,10.71844355340107,10.2,-3.1339031339031376,2025-06-02 23:30:20.886030
KORDS.IS,4,0,10.690509037372385,0.051399243210293,2.006018054162487,55.113893646813125,37.26001026456121,17.011702613703807,-127.90446385773672,-7.592754905868479,-0.2053546514358238,1.753879101497671,54.630527612403725,53.90000025431315,-1,59.04214724105195,57.44972583506689,53.55,-1.9230769230769276,2025-06-02 23:30:20.886030
PLTUR.IS,4,0,31.235715793562026,0.082417888146055,49.16706330318896,38.71292188206505,37.28321290472077,20.169401087906877,-118.47790216955605,-26.164213136863957,-0.0115197780166579,1.4333635452804927,25.351034495216357,24.593333562215168,-1,29.03030541410019,27.89610665212155,24.1,-7.164869029275812,2025-06-02 23:30:20.886030
EGEPO.IS,4,0,18.504863269412738,0.0455035269261702,55.55555555555556,45.617157446759926,37.46352645043061,20.629364809780675,-130.2918531461521,-8.9051115621457,-0.2696069124099776,0.3327539987102731,6.43110540140473,6.319999853769938,1,6.22468339679085,6.566406112441791,6.24,-3.703703703703709,2025-06-02 23:30:20.886030
ISSEN.IS,4,0,8.393360217652283,0.0787951613268575,7.608695652173917,39.48839143348415,37.53436830006152,18.1364622560595,-126.34578152366608,-5.548550652524305,-0.2820064492650457,0.2104537642147637,7.566602364514953,7.523333231608073,-1,8.169364384895069,7.748809539198525,7.49,-1.4473684210526194,2025-06-02 23:30:20.886030
ULUSE.IS,4,0,10.126104304143803,0.0337761039133069,0.1058201058200998,59.35018693476847,37.63832084685922,21.43240763642765,-125.08958766983729,-3.858268918014887,-0.220271661605915,5.173016391289016,125.50557699454968,123.93333180745442,-1,136.47611350777228,130.6188272042141,122.1,-4.08483896307934,2025-06-02 23:30:20.886030
PNSUT.IS,4,0,12.36670058304067,-0.1088125459322302,13.810111314675972,32.00356326279197,37.648703615824495,22.207232895109826,-207.1893532415253,-10.106381359765129,-0.4008333543198374,0.3055475368003327,8.68426975227031,8.526666323343912,-1,9.462061707516126,8.856927559082962,8.45,-5.162738496071839,2025-06-02 23:30:20.886030
AVOD.IS,4,0,10.981027105265708,-0.1573468113310982,23.076923076923062,54.89854616398247,37.74574351450261,20.97510068333064,-250.81470965299067,-10.069450998195634,-0.2697335667028018,0.1179580092420337,2.6619573966968373,2.603333314259847,-1,2.937817789727048,2.9216981092620378,2.59,-5.128205128205132,2025-06-02 23:30:20.886030
MSGYO.IS,4,0,19.05540870330336,0.1291200392684847,24.39321305907608,42.01626037081698,37.91619927401835,14.992029256631742,-120.44529340565131,-17.136663283984653,-0.2175874170866473,0.1982867700082506,3.9042393716305313,3.8333333333333335,-1,4.405157021111002,4.308617188984863,3.82,-2.051282051282055,2025-06-02 23:30:20.886030
ATAKP.IS,4,0,12.306365797924371,-0.0718387997185113,29.265658747300197,62.179073628986,37.991642006274034,26.38796530305844,-200.31831647456917,-5.346823690335522,-0.0151303277011001,1.7124903652877,40.5135287580819,39.40000025431315,-1,44.635359375765965,41.592074304767095,39.3,-4.704170708050448,2025-06-02 23:30:20.886030
BARMA.IS,4,0,17.517233180578685,0.1100460414156529,23.110465116279077,40.21817967827101,38.01839515155251,13.688085434399817,-125.31066719498948,-6.096187340047528,-0.2105737577577004,0.7388151541897277,17.10420930216327,16.860000610351562,-1,19.020069243092006,18.02202378317416,16.79,-1.7554125219426564,2025-06-02 23:30:20.886030
TUCLK.IS,4,0,10.349908535901086,-0.1095614834150359,14.999999999999996,41.82622829410997,38.04526062961331,18.0290564643884,-185.5921352612033,-7.549239695178989,-0.4405202796369601,0.3185229608180988,8.654868098833498,8.553333282470703,-1,9.577888117428795,9.072719300169256,8.45,-3.0963302752293758,2025-06-02 23:30:20.886030
IHLAS.IS,4,0,13.968649319224376,0.0119289969386663,32.467532467532465,35.897904042658354,38.18884312594504,12.560918992189574,-183.08606749448447,-10.65573706418013,-0.2343861596848094,0.1140900620785019,2.2202840054494613,2.176666736602783,-1,2.487731980623874,2.3502498564910006,2.18,-3.539823008849541,2025-06-02 23:30:20.886030
KZGYO.IS,4,0,22.42900942372661,0.0966657835465936,24.752475247524757,45.423142981443945,38.24583659275908,21.48116882788141,-123.5108791126153,-16.092942375008544,-0.166688195757507,0.9460944596082442,19.907849663894996,19.72666676839193,-1,22.64118867020741,20.711334668354183,19.5,-1.365705614567525,2025-06-02 23:30:20.886030
HATSN.IS,4,0,12.865492381428778,0.006001953942096,6.353790613718403,43.502380394132224,39.40550044475743,14.735541701330902,-174.43499303152973,-8.246913957007138,-0.2998376309385336,1.637408095418667,37.852333119142855,37.3066660563151,-1,42.15431241881595,39.45074932840453,37.16,-1.6410799364743325,2025-06-02 23:30:20.886030
ISGYO.IS,4,0,9.413881783469266,0.1265719967278181,5.18987341772152,36.34400173293053,39.47740447329551,20.06228001450242,-137.78493492175468,-5.415861638890826,-0.2982407038457348,0.4226160515539375,14.88099397075104,14.65333334604899,-1,15.871312902087055,15.263647831500045,14.67,-3.8663171690694655,2025-06-02 23:30:20.886030
YYLGD.IS,4,0,14.512414753611145,-0.0442731883724418,17.14285714285715,40.21598803916745,39.604025022857336,25.880126702628004,-205.8279656020557,-8.882238549531863,-0.2726416359186575,0.36198126499704,9.376835771796667,9.213333447774252,1,9.069780782202598,9.607039074597184,9.13,-3.894736842105251,2025-06-02 23:30:20.886030
CONSE.IS,4,0,18.022428008676872,0.1004673525922018,10.354223433242517,56.86287575350077,39.624708668536535,18.349367443873323,-123.188377574905,-7.849829823657323,-0.2293647740979627,0.1193984872189642,2.775709954284993,2.7233333587646484,-1,3.089136046106641,2.9008926115642675,2.7,-3.5714285714285587,2025-06-02 23:30:20.886030
PENGD.IS,4,0,12.404302784412284,-0.0924271801524943,55.55555555555555,59.76841110515007,39.74340640623503,29.613517021372097,-188.99395251811308,-8.521301086633006,-0.3555074233752026,0.3096707275964102,7.5211664213370115,7.366666793823242,1,7.283691126023616,7.811566521302831,7.3,-3.183023872679047,2025-06-02 23:30:20.886030
BRKVY.IS,4,0,16.344905263763565,-0.1051131336787673,52.428146679881074,49.78824994540012,39.789011760572016,38.24531065443988,-196.35507320629137,-12.974909300445228,-0.5368084993609834,4.111306109483203,63.08737319187993,61.66666666666666,1,58.60961791782773,65.1465211281593,60.7,-5.082095387021113,2025-06-02 23:30:20.886030
GOODY.IS,4,0,10.386487563976912,-0.1914806591892855,20.515574650912995,31.372540634764952,39.95156342019282,20.89698847997404,-222.54832340735555,-10.677380301555978,-0.2862241503768776,0.6064276077671633,16.130476693352627,15.769999821980797,1,15.448192881159327,16.476216343745936,15.56,-7.380952380952377,2025-06-02 23:30:20.886030
AKENR.IS,4,0,30.50057034455268,0.1051355052522167,12.45583038869258,23.81266356393759,40.225260985433565,29.63457123374276,-128.18377724696873,-16.258168368710443,-0.0414879669622645,0.663733237608715,10.556409699438069,10.350000063578287,-1,12.371071134417493,10.90066225605722,10.25,-0.6782945736434121,2025-06-02 23:30:20.886030
MOBTL.IS,4,0,30.98726872158344,0.0117301515001267,50.35460992907801,27.24592036210126,41.66216755033928,31.5196178062045,-170.3922790469181,-15.176149975492638,-0.3758691291473978,0.602777997357922,6.67372224006885,6.433333555857341,-1,8.341009221565601,7.4590879199540385,6.26,-6.427503736920781,2025-06-02 23:30:20.886030
MGROS.IS,4,0,12.667457572598156,0.1891570404036923,41.6256157635468,24.055826562583587,41.99389293187993,20.177532583230448,-110.7412044265174,-7.878936215977873,-0.1060885091572652,13.592278077208784,484.0424335162489,479.6666666666667,-1,517.4815708731824,496.77232111522585,481.5,0.9963293130571538,2025-06-02 23:30:20.886030
BFREN.IS,3,2,29.35298038669856,0.157670479943174,0.6840638459589569,38.82362627732002,23.40539846344581,40.99817859042431,-78.8027429251979,-10.734463276836156,-0.4452045635916189,20.413658418689227,161.23306347148656,164.0,-1,205.52812575317537,169.6519456185795,158.0,0.2538071065989911,2025-06-02 23:30:20.886030
AKSGY.IS,3,2,9.31184707465797,0.2266814383056848,24.66960352422906,32.52090199357779,38.49532019744015,22.14560333916968,-100.83207419049288,-5.76323802433147,0.0937211927503669,0.1340977255104398,6.065922995368075,6.03000005086263,1,5.942409897847438,6.226617374913603,6.05,0.16556291390728,2025-06-02 23:30:20.886030
DOHOL.IS,3,2,7.905951623038629,0.1611432820358466,40.15296367112813,37.01569641941198,40.1744861145954,13.845505851326264,-116.60080367467344,-2.788845050408272,0.0302208374354872,0.4142266267016027,14.703346916918338,14.606666564941406,-1,15.721583894374126,15.316780175801648,14.64,0.1367989056087593,2025-06-02 23:30:20.886030
VKING.IS,3,2,14.316886153475128,0.041916608143829,4.875943905070123,38.39049377201584,40.39183879503747,14.829088660509427,-191.21443783477324,-6.666667127378891,0.0480112519236584,1.3581838282916712,26.39975642964516,25.733333587646484,1,24.782668429694635,27.496757341167832,25.76,-3.808812546676621,2025-06-02 23:30:20.886030
POLTK.IS,3,2,6.846517589263196,0.1201646822060302,1.5055852355512385,27.25993457107103,41.06392594934231,11.443507044645298,-98.68380777471732,-3.904382470119522,-0.2967748678692154,210.43979070907204,6078.993407707911,6072.5,-1,6625.999363828395,6298.100638660508,6030.0,0.3327787021630612,2025-06-02 23:30:20.886030
GLYHO.IS,3,2,21.09813928814112,0.1745040329333051,59.85401459854014,57.29650276204397,43.18535747897188,11.523184797052414,-106.2676514083828,-13.91304765042494,0.1403728910169624,0.346815888639054,7.003164202881632,6.983333269755046,-1,8.017682527964594,7.5120897004689535,6.93,0.4347826086956496,2025-06-02 23:30:20.886030
MZHLD.IS,3,2,6.744668017202241,0.134142548990597,17.66467065868263,41.49216769930423,44.76155204167632,13.862960455239715,-140.1750306804993,-5.663429034862276,0.0346807756367833,0.235058917128743,5.869553661249714,5.829999923706055,1,5.66462707874004,5.95438895355183,5.83,2.280701754385972,2025-06-02 23:30:20.886030
RNPOL.IS,3,2,18.987483009240066,0.1322609919512332,61.725067385444746,43.88904516620507,45.78256003548033,17.372941437589155,-123.89130630397504,-9.09090649827546,0.2139493072510189,1.7914616757387396,30.72959417261893,30.426666259765625,1,29.21277756167715,31.324197303976945,30.4,2.841677943166432,2025-06-02 23:30:20.886030
ULUFA.IS,3,1,29.110553366353667,0.1357306785822827,30.97812690370213,39.91112738275719,36.65858955252765,18.690611811858293,-97.81928358278986,-6.4144278169682725,-0.2606555292008956,0.1742877669438032,3.454744235980825,3.363333304723104,-1,3.92377367983703,3.648011083806741,3.29,-8.864265927977833,2025-06-02 23:30:20.886030
ANHYT.IS,3,1,12.057623048949948,0.1218569276787212,2.5675675675675564,34.77437179724,38.63783033427734,19.13175299054616,-90.243769429447,-6.024096502118475,-0.2932972860002073,3.0134212484617424,75.28985673080352,75.21666463216145,-1,81.70638008789892,82.55343842537565,74.1,-4.325371207230477,2025-06-02 23:30:20.886030
TDGYO.IS,3,1,13.398952523446695,0.038258687039914,29.3731778425656,50.03870851474645,40.41922971959497,14.481781914302053,-116.60366295432516,-3.005870900048292,0.027933550077483,0.8423338026907323,13.729370972205851,13.393333117167154,-1,15.511867947423912,14.408317842755991,13.23,-3.57142857142857,2025-06-02 23:30:20.886030
TATGD.IS,3,1,12.190099383920057,0.1034981035123048,3.2375979112271587,48.808200312825285,40.68239016850301,18.907264212115003,-128.25656987320724,-5.624485497051261,-0.1963551309272669,0.4519939591700276,11.526724185711473,11.446666399637856,-1,12.626450546495134,12.096809037153802,11.41,1.2422360248447228,2025-06-02 23:30:20.886030
KLMSN.IS,3,1,9.75864319203095,0.1384650611907485,15.809523809523812,50.59276797271652,41.26786804250347,10.582990364994918,-154.7566708194096,-4.529912321464217,-0.2035985583854307,0.9147340134410776,22.48924942093979,22.166666666666668,-1,24.86532261219971,23.35688980346832,22.34,0.9033423667569984,2025-06-02 23:30:20.886030
TTKOM.IS,3,1,18.488499615941684,0.159862274289691,60.89808274470232,42.25151983778396,41.34213584059355,25.78984614712036,-103.82787725403011,-10.431944368965736,0.0026803557698635,2.027715781875869,56.732962006729466,55.04999923706055,-1,61.13155641142953,58.50985656876599,54.95,0.0910746812386342,2025-06-02 23:30:20.886030
EPLAS.IS,3,1,33.00694901619135,0.1263891496051558,11.581920903954806,59.13573902476114,41.66585397458629,23.923806759325288,-108.32948440377469,-18.855216746970378,0.0394088951283793,0.3686023541744972,5.200638979492033,4.913333415985107,-1,6.172925087930715,5.686726919985528,4.82,-2.822580645161288,2025-06-02 23:30:20.886030
DURDO.IS,3,1,10.27030494746602,0.0377761639677276,25.32637075718016,39.82509864124897,41.72327788902135,12.647451245594793,-203.69738590358685,-5.810399337269257,-0.2911226899853351,0.1675162719441436,3.137717990797867,3.099999984105428,-1,3.4761436481481645,3.307786735087014,3.08,0.0,2025-06-02 23:30:20.886030
OYLUM.IS,3,1,4.949297377119485,0.0439359837390423,7.287449392712551,36.57044226004616,41.83580763645905,20.472079532557185,-122.78873038282302,-1.939056378862852,0.0547885726811542,0.2490191307047645,7.177160223405695,7.12666670481364,1,6.700340262289473,7.369754229783604,7.08,-2.6134800550206227,2025-06-02 23:30:20.886030
TKFEN.IS,3,1,20.07246485380034,0.1892996527214092,1.023329126078738,43.0616462534226,41.86323616527992,6.239467678540549,-143.67494812186786,-8.673620417566426,-0.184226641421349,7.489667395080752,114.8944032061656,113.26666768391928,-1,131.56223794106384,124.74482990366008,114.3,2.972972972972965,2025-06-02 23:30:20.886030
KTSKR.IS,3,1,3.352778443099056,0.1362997519987366,7.436399217221128,61.63574862132325,41.89200775485482,15.131924675867149,-109.12952680944764,-1.7452007213173208,-0.3693609889075593,2.244438989447448,56.61227107483282,56.583333333333336,-1,61.90369665879192,59.4358656508078,56.3,-1.2280701754386003,2025-06-02 23:30:20.886030
MARBL.IS,3,1,19.114528375940324,0.0045483069791001,43.94736842105262,61.37911879566068,42.00217947631506,35.6301212268956,-143.15615229937404,-12.524589163358094,0.0891805664299594,0.7893371880665246,14.308498905831852,13.626666704813635,-1,16.23373379487872,14.735772047862536,13.34,-3.821196827685647,2025-06-02 23:30:20.886030
EUREN.IS,3,1,16.409955955395798,0.0755597057908702,12.960765485867196,59.7141464992085,44.9240770623787,25.450610439653023,-191.59396786822865,-11.904761544340785,-0.3664271433254412,0.335038184636409,5.609949439824474,5.513333320617676,-1,6.463427661154514,5.835025427438326,5.55,2.777777777777768,2025-06-02 23:30:20.886030
SISE.IS,3,0,16.339790395142238,0.2012163077705105,0.2083333333333289,27.04208838169429,37.21691878359184,21.756494773664887,-89.15948862586382,-10.900100938972251,-0.1004563979045626,0.8511316227094975,33.27156191858752,32.880001068115234,-1,35.38396217743067,33.949458333435445,32.74,-2.443384982121577,2025-06-02 23:30:20.886030
PRKAB.IS,3,0,10.99973824512441,0.1161526261653599,7.431693989071037,75.1494627954521,37.54165538591881,18.293222271191,-97.77538762308797,-4.434585658810284,-0.2963717702018604,0.8428306538310029,26.411237716674805,26.18000030517578,-1,28.83838602595161,27.413669995496758,25.86,-2.781954887218052,2025-06-02 23:30:20.886030
KARTN.IS,3,0,16.40989995735321,0.191309895497016,5.8346839546191385,58.313640141906376,39.07671631733751,14.645331035770468,-86.35904253654799,-3.780485944050114,-0.4364186303502681,3.618723728401059,80.3788540126344,79.78333536783855,-1,91.12209457983212,84.57263184554769,78.9,-1.374999999999993,2025-06-02 23:30:20.886030
ARSAN.IS,3,0,17.749582461704463,0.1709540981895448,41.37931034482759,74.04952556973029,39.57861298795875,21.66380431897668,-92.31848086768728,-9.521570395658545,-0.1739379835575488,0.7824081772133916,19.843580414267148,19.47000058492025,-1,21.90607123585734,20.349646140111737,19.29,-2.130898021308991,2025-06-02 23:30:20.886030
HUNER.IS,3,0,13.825828589208246,0.1918904991841042,27.027027027027025,50.34730939082817,39.67151509048422,18.402512539985462,-89.77428020161355,-6.925207957474578,-0.2330525140394228,0.1327881928768666,3.4178904592386363,3.379999955495199,1,3.306669756805045,3.536377292141598,3.36,-5.084745762711873,2025-06-02 23:30:20.886030
BNTAS.IS,3,0,22.618499638898108,-0.0578888320767555,15.13002364066194,48.17279996068409,40.05691685750409,25.659963505130158,-172.53126672806667,-17.18120490928509,-0.0750059552963249,0.4087410073879094,6.475628861065569,6.276666641235352,-1,7.554936756144952,6.969795589485828,6.17,-5.513016845329255,2025-06-02 23:30:20.886030
GLBMD.IS,3,0,11.010714296611106,-0.0114058647285426,12.215320910973082,36.66096348902021,40.16738124947627,27.89216255193572,-175.5202802978089,-7.162794955941134,-0.0858026021838489,0.5451438036449192,10.129715926265137,9.989999771118164,-1,11.47702660775206,10.960134146239458,9.98,-1.5779092702169597,2025-06-02 23:30:20.886030
CELHA.IS,3,0,11.350677981962994,-0.0365425762271579,2.107640195709442,45.51782756428912,40.16907304300138,18.608561044746278,-207.43810334728417,-5.401388186839257,-0.139025801823557,0.8844767395593267,19.63368165517192,19.236666361490887,1,18.694085379436736,20.028478053926456,19.09,-5.024875621890557,2025-06-02 23:30:20.886030
MAKTK.IS,3,0,16.83470667136577,-0.1369847363130358,57.33015494636471,60.81255918956416,40.19273344477751,22.173585309942048,-202.50829085993263,-12.121216499882037,-0.3174229602754109,0.7915487049066167,11.20232237183298,10.729999860127768,1,9.906713839583482,11.312070386599885,10.44,-8.34064969271292,2025-06-02 23:30:20.886030
HALKB.IS,3,0,15.985986497104143,0.1580438964896426,61.98630136986303,51.9052615500343,40.32389945516095,12.981081568668124,-122.26155132631048,-12.016202334845447,-0.2011639080728766,0.7417068920005429,19.910912585306846,19.526666005452476,-1,21.681448296092757,20.8370147165202,19.55,-3.9783889980353537,2025-06-02 23:30:20.886030
PCILT.IS,3,0,14.26239065006313,0.0338611078828849,8.014911463187321,45.37060471566531,40.63065340894328,12.58769347807162,-173.04044716907185,-6.556081624880264,-0.3669086787448069,0.6103614770600347,12.287799205547898,11.979999860127768,-1,13.87449716904794,12.689591657105508,11.83,-5.737051792828685,2025-06-02 23:30:20.886030
EKSUN.IS,3,0,15.600051236249191,0.1845275892577977,10.937500000000016,57.39362899891419,40.77386529618671,21.20297900462993,-107.74945460486332,-3.5849066109960805,-0.2670033737602099,0.23213943159067,5.19566939085057,5.12666670481364,1,5.019313059062829,5.447044535962858,5.11,-0.1953125,2025-06-02 23:30:20.886030
KUTPO.IS,3,0,21.2923673583438,0.1000950822750875,42.27941176470589,60.08516129943271,40.98068463062852,27.73125983569723,-116.64511195389822,-15.481401848633984,-0.1531186908084793,4.045960572438094,79.77707970795234,78.03333536783855,1,76.97749000701226,83.92567096079127,77.25,-1.7800381436745116,2025-06-02 23:30:20.886030
AKYHO.IS,3,0,12.297336895029916,-0.0375045330605901,6.32768361581921,39.87608506995395,41.08495764332761,15.408680316042588,-186.60685570132523,-6.031747665655116,-0.0211915521377442,0.1845836256255206,3.0779107436688866,3.003333330154419,1,2.953949787149444,3.211373817167571,2.96,-4.8231511254019255,2025-06-02 23:30:20.886030
DOKTA.IS,3,0,16.743705224906943,0.1253275279994679,12.453760789149197,33.60649141672871,41.30043759159067,24.22828106772165,-140.6382669502329,-6.3610793095754525,-0.1668134152390436,1.005960321494737,20.346815703123145,20.106667200724285,-1,23.023706310739723,21.11056356477785,20.02,-1.2820512820512886,2025-06-02 23:30:20.886030
OBASE.IS,3,0,15.07767067911063,0.0782264309437957,27.77212614445575,63.507307627529336,41.5373574256323,19.790689486275408,-149.99007320626382,-7.649250920847285,-0.3939071243468091,1.797858238554258,30.49442194731676,29.920000712076824,1,29.19947268560688,31.045266909328284,29.7,-1.525198938992045,2025-06-02 23:30:20.886030
NIBAS.IS,3,0,29.825160360282453,0.1368238491875425,35.3846153846154,61.82588025272753,41.777897013008,26.53711348892118,-113.5145887305584,-13.676543023259736,-0.1015845369600522,1.1975733799980046,17.029979965024253,16.900000254313152,-1,20.64715647574892,17.81607426063901,16.6,-2.639296187683282,2025-06-02 23:30:20.886030
ULUUN.IS,3,0,11.387579765818309,0.0319326079362565,23.62523829687476,57.55645173968181,42.00797231028184,25.62481877454508,-116.63007124202052,-6.003161437929963,-0.1793900106993354,0.2622910059892355,6.181521249349412,6.056666533152263,1,5.798094363334737,6.21939810712997,5.95,-7.03125,2025-06-02 23:30:20.886030
AZTEK.IS,3,0,8.301029923991594,0.0572347831944722,0.3698376823505233,64.23983574337569,42.07660672319413,37.62909546522339,-142.00899617407526,-4.070106069201219,-0.3825825469955344,1.750107111033633,38.393475642794286,38.00666681925456,1,36.73186269253459,38.94997801468014,37.66,-5.329311211664168,2025-06-02 23:30:20.886030
OYYAT.IS,3,0,13.232699337788173,0.1251715417096996,6.493506493506504,60.95817294448979,42.255277556750286,22.36685606988369,-112.21964676142647,-6.841746416883528,-0.2158125823999926,1.30174708697813,27.688883926515405,27.1999994913737,1,26.43151244114018,28.838183705156485,26.96,-5.469845722300137,2025-06-02 23:30:20.886030
PRDGS.IS,3,0,31.01583306337849,0.1427074073027637,34.3558282208589,37.82456629473981,42.72554552779582,24.50210185037248,-109.10602594663378,-23.252497306992517,-0.3506257729328531,0.3812338452074127,5.563154176089149,5.493333339691162,-1,6.711420295765324,6.016727646162611,5.38,-4.270462633451966,2025-06-02 23:30:20.886030
DOFER.IS,3,0,25.72271581061047,0.1198055620852805,19.802590993214057,35.235162067210254,42.89922860186683,26.778382708408216,-111.19680899727274,-13.554216555992571,-0.1219353838757051,1.904872520193748,29.556714210742385,29.040000279744465,-1,34.99697333176845,31.38349157312645,28.7,-1.1026878015162,2025-06-02 23:30:20.886030
KLGYO.IS,3,0,14.244459204763926,0.1928162482168253,42.44897959183676,59.7722987623028,42.90680731644302,12.87890444182256,-103.60082473973176,-6.6666699780356895,-0.291110385961251,0.2037471016586589,4.511267808581462,4.493333339691162,1,4.353720966175583,4.761307227342051,4.48,0.4484304932735439,2025-06-02 23:30:20.886030
IMASM.IS,3,0,28.53707620863589,0.1481619495090933,26.24821683309558,60.91817436286063,43.24901270797525,43.20892618633443,-112.44621771725114,-5.319143989353342,-0.2436499445485394,0.2286702638649917,2.876663291430135,2.7300000190734863,-1,3.5071457079864787,2.9040786555755167,2.67,-9.183673469387754,2025-06-02 23:30:20.886030
GENTS.IS,3,0,24.4436879223437,0.0537724394607616,70.53065430190624,31.39792954089931,43.45193584169104,27.10788709111928,-157.09640763823805,-13.663034976903974,-0.2013584125883981,1.5846193500847106,21.219198617683706,20.81333351135254,1,20.31107287453601,22.372246958542338,20.6,-6.533575317604345,2025-06-02 23:30:20.886030
SKTAS.IS,3,0,18.403871346705035,0.0777624633196585,33.33333333333334,37.182203104136654,43.76510217090004,14.654474835349204,-127.07742444918024,-12.962968032219356,-0.0976615083134251,0.2977588690978127,4.847008124809961,4.756666660308838,1,4.662989546949191,4.986794883152526,4.7,-6.374501992031856,2025-06-02 23:30:20.886030
AVGYO.IS,3,0,10.735317556340776,0.0958276649012398,23.50081037277148,33.10331155960125,43.95353995224916,19.850343832031328,-141.31295116726463,-4.6538113684251545,-0.1018754692775728,0.4197942365792903,8.543590240981468,8.50333340962728,1,7.773321302442275,8.677443168524672,8.4,-3.559127439724463,2025-06-02 23:30:20.886030
EREGL.IS,3,0,10.453392806808791,0.1216279265729703,29.127182044887768,57.7644965200735,44.21246904819,13.739857958750816,-110.384956705128,-6.650443632588034,-0.1808095840125184,0.6561520463539172,23.426754856689943,23.173333485921223,1,22.67285250031315,23.718199796030863,23.02,-1.1168384879725155,2025-06-02 23:30:20.886030
DGATE.IS,3,0,14.61582318976971,-0.1588240750733912,68.97893772893774,61.05144564085517,44.247876652461606,16.518866113639238,-249.47799363446072,-9.942776267846536,-0.2512703494904784,4.780743286139513,65.91419915978855,64.6999994913737,1,60.57426616101452,68.35233939203378,62.95,-9.813753581661889,2025-06-02 23:30:20.886030
ASELS.IS,3,0,17.927337813334365,0.176707152815298,73.94296951819076,51.91008630796382,44.657298790039285,23.809839932036105,-110.77826410943476,-6.304345614668252,-0.1120688655321637,5.306987699058356,131.3773864993701,130.36666870117188,-1,146.31533086871298,134.49618404572757,129.3,-1.747720364741634,2025-06-02 23:30:20.886030
GLCVY.IS,3,0,11.434822957676376,0.1242085653486854,68.39080459770115,41.52584562472807,47.08386742852248,31.031702568588585,-106.83233878724502,-8.079267317592047,-0.4355897190235186,3.60980749696428,61.76602436321018,60.98333231608073,1,56.20121291376067,62.93687134409663,60.3,-3.287890938251814,2025-06-02 23:30:20.886030
NTGAZ.IS,3,0,21.45415572847067,0.1913275916392927,70.04608294930874,42.70828479881988,48.26105955916058,25.772807751122883,-124.44675591447144,-13.173658564813492,-0.0937686082112574,0.5370300759496813,8.826328468129311,8.620000203450521,1,8.423560290155702,9.165090082049597,8.7,-0.4576659038901698,2025-06-02 23:30:20.886030
