,Unnamed: 0,symbol,time,StochRSI_K,StochRSI_D,MACDAS-dif,MACDAS,MACDAS_Signal,BB_BWidth,BB_%B,YF%,MFI,RSI,ADX,CCI,ROC,CMF,ATR,FWMA,VWAP,Supertrend,st_way,kama,Tenkan,Kijun,Senkou_A,Senkou_B,Cloud_Position,TK_Cross,CPrice,change,EMA_200
405,405,TKFEN.IS,2025-07-13 23:59:23.899940,30.882609700120224,24.03778471866181,0.3155848646757225,-0.3169160710106831,-0.6325009356864056,24.915924362073863,0.3060522267282259,0.947840108221056,32.00708751710126,42.26146290477788,21.78732670736232,-58.38858819246079,-8.764607456198169,-0.347452525924888,5.153961692123511,109.03286169798815,109.76666768391928,123.54183170286642,-1,114.96837421431876,116.54999923706056,125.89999771118164,134.89999961853027,112.375,Below_Cloud,Bearish,109.3,-0.6363636363636349,111.621928988963
251,251,KONTR.IS,2025-07-13 23:59:23.899940,91.07969974141956,84.07187818430303,0.0748328386359428,0.25309198424772,0.1782591456117772,13.73304730896877,0.6213676851688852,3.9514948776918266,62.45824975463209,45.07354363349707,17.37062287555548,48.84467187435132,6.092881082307604,-0.1697573797136285,0.9343791512330044,21.629990047663757,21.859999974568684,22.801650799803458,-1,21.2372324430338,26.35187796210214,26.53161889074188,29.227718265602068,30.92526120400852,Below_Cloud,Bearish,21.76,0.0919963201472029,34.197341750547395
131,131,EGEEN.IS,2025-07-13 23:59:23.899940,89.75868372453141,84.63234463031979,18.85906999671434,68.71052503645575,49.85145503974141,13.38617763456039,0.6184168333866311,9.465020576131687,73.8346370363991,46.26399627083544,23.0004189146924,35.76740612289485,4.9754730203223545,-0.2305641317440482,261.2472480985414,7464.008620689656,7500.0,6790.365527843253,1,7454.180915751266,8338.75,8885.0,9441.035850102857,9538.928629984588,Below_Cloud,Bearish,7490.0,-1.4797763893456106,9321.607910653453
416,416,TTKOM.IS,2025-07-13 23:59:23.899940,35.83102956195905,45.09977011984168,-0.2352563247922913,-0.067620784302788,0.1676355404895032,17.226905199111343,0.4422764510872918,70.88353413654619,49.0327145873376,47.05014759527873,15.298456116830009,5.392795147576429,2.0590896281076465,-0.0835272436084939,2.054949285469655,58.14016204431623,57.84999974568685,54.98142919924933,1,57.82343905604552,58.07499885559082,57.52499961853027,52.21999931335449,51.32499885559082,Above_Cloud,Bullish,57.0,-3.4716342082980467,52.35347624428389
399,399,TCELL.IS,2025-07-13 23:59:23.899940,36.08947840320962,50.5175770486108,-0.4161882697491392,-0.0905361624495182,0.325652107299621,16.253189182951164,0.4631046461637445,33.526850507982616,36.73562877675677,47.073655491442544,14.508040889493545,3.4458845033000616,-0.5917110709207855,-0.1475814080744428,3.133052130113682,93.99776851042772,93.21666717529295,89.22256951926686,1,93.24237999102054,93.68714735052804,91.40985687247908,92.7933725368299,95.96443452208788,Below_Cloud,Bullish,92.4,-2.273929138022201,93.46041149488376
8,8,AHGAZ.IS,2025-07-13 23:59:23.899940,2.5041728247736303,2.5041728247736303,-0.0432957284788009,-0.290022965317958,-0.246727236839157,10.232338754653364,0.1545593870357233,82.47838616714697,38.63478845546088,47.61517774226488,22.64620507602862,-136.96758062361204,-1.6874577694754394,-0.2997882459404112,0.9107974528521862,26.99937071809904,26.78666623433431,25.842045760433415,1,27.534071120854563,24.93000030517578,24.039999961853027,21.90999984741211,20.05500030517578,Above_Cloud,Bullish,26.8,-0.0745712155108102,21.21315588998419
232,232,KARSN.IS,2025-07-13 23:59:23.899940,77.22898260683674,75.45502037403732,0.0108215170480893,0.0794624093474188,0.0686408922993295,12.719840725478678,0.6917495638356096,7.571560480147724,61.94178510902317,48.23274864385021,15.55283776536984,64.60413143207279,5.23385624707685,-0.1715608629191748,0.2695921008687358,9.45380307597998,9.490000089009603,8.918016121465467,1,9.277504303365644,10.3100004196167,10.580000400543211,10.827499866485596,11.119999885559082,Below_Cloud,Bearish,9.45,-1.5625,12.107413115670663
185,185,GUBRF.IS,2025-07-13 23:59:23.899940,84.43436383215169,79.13106206482091,0.316039767387176,2.59404390304618,2.278004135659004,13.05544754454796,0.7765751809107244,52.63474856970792,73.42847196319161,49.8302560385337,21.65240790744286,100.0133078075376,4.7202809911303625,-0.1154503672894952,8.952295877067426,238.96054790566467,240.96666971842447,254.1190062393307,-1,238.25191186612005,254.25,260.125,280.6875,276.125,Below_Cloud,Bearish,239.6,-2.1641486320947423,239.3526716999659
10,10,AKCNS.IS,2025-07-13 23:59:23.899940,79.46895875167685,73.9500572264976,0.1869326261104746,1.2078453198209425,1.0209126937104678,14.562907691061314,0.7282175217345614,16.70168067226891,67.59819676134612,50.00534374780708,19.01307629594425,65.07339055326766,6.94980694980695,-0.1225205888505394,5.055294483162552,137.68853860356018,138.63333638509116,125.15356228563805,1,138.16632403049874,146.0,151.3499984741211,170.08530737128672,183.36889012013148,Below_Cloud,Bearish,138.5,-0.5743000717875146,154.41516545359178
128,128,ECILC.IS,2025-07-13 23:59:23.899940,41.72304581598027,48.996049639994766,-0.0866927329243749,0.15616792332114,0.2428606562455149,19.91402321475985,0.6036154281452015,27.318840579710148,33.870001371360274,50.52580709608982,28.583598016601105,35.00070083299109,2.614686340006079,-0.3855984974221041,2.011647757735264,45.0548081001452,44.846666971842446,42.61548195657891,1,44.78252745245806,46.02000045776367,45.370088634977634,41.4240252375796,40.743836877720845,Above_Cloud,Bullish,44.74,-0.7982261640798183,44.59955396401031
252,252,KONYA.IS,2025-07-13 23:59:23.899940,89.65595801596204,86.66639965723151,6.23289677293819,50.9763448783452,44.74344810540701,13.92836574234771,0.7645889599167718,12.91895185862279,72.6637867916696,50.957463316177126,20.18611239602696,73.76673761349255,7.465825446898002,-0.0476259678675554,160.67722720831762,5091.047160243408,5102.5,4658.982291852186,1,5027.512409188695,5396.25,5930.0,5932.5,5817.5,Below_Cloud,Bearish,5110.0,-0.8729388942773975,6055.638612890551
295,295,MGROS.IS,2025-07-13 23:59:23.899940,51.53322234246232,53.11022407836597,-1.0212259924722658,0.9880030255923288,2.009229018064594,14.41911599941962,0.6343142703507424,45.566502463054185,56.9922120340249,51.59445226021671,17.907816766692946,39.76505139500722,3.762586115527292,0.0102399022306368,13.938170386228787,488.6749492900608,488.75,464.4670360526951,1,482.803799237702,489.21170177156966,500.24587903799215,484.2819057059234,517.1344164186655,No_Data,Bearish,489.5,-0.7099391480730244,494.7909282681604
235,235,KAYSE.IS,2025-07-13 23:59:23.899940,76.26155675512166,74.96090012615977,0.0493482593606941,0.088246554389481,0.0388982950287869,10.358939723995398,0.7530858144749683,20.9214501510574,57.38071006129017,51.89271180067517,18.511475463250346,97.4951606816926,4.0555530124240455,-0.1615797021486269,0.6421293187436281,18.750750222505957,18.86666679382324,19.92224393405805,-1,18.409080166133087,19.90000057220459,18.88500022888184,17.632499933242798,18.679999828338623,Above_Cloud,Bullish,18.73,-2.24425887265135,19.85157080092438
65,65,BIMAS.IS,2025-07-13 23:59:23.899940,64.55033371059886,65.09566436727874,-0.0601405181124157,0.5306851488836379,0.5908256669960537,12.301020122924328,0.6153770854329922,41.70258620689656,56.036766198458665,51.89772154204431,13.002819427850715,48.44875753565666,4.0398740818468,-0.0827499252805519,16.12722958071377,496.3080628803245,497.8333333333333,457.0857025723519,1,489.11147337068667,484.25,477.875,460.375,490.0,Above_Cloud,Bullish,495.75,-1.245019920318724,504.0259340703832
450,450,YYLGD.IS,2025-07-13 23:59:23.899940,42.23672296417965,51.524996996340455,-0.0197538089208412,0.0102218879713401,0.0299756968921814,13.11907858282386,0.616118276853784,32.380952380952365,66.80373200881016,52.02722289776899,22.138548758371837,35.45962647736668,0.1008087581141628,-0.18810574981962,0.3528228975620308,9.969097342500822,9.940000216166178,9.119906865578049,1,9.715596095909468,9.80999994277954,9.845000267028809,9.28499984741211,9.274999618530272,Above_Cloud,Bearish,9.93,-0.7000000000000006,10.106179999093357
443,443,YEOTK.IS,2025-07-13 23:59:23.899940,93.94602353574317,85.28280332739781,0.1343000857551472,0.4948538034136676,0.3605537176585203,15.807434572598218,0.8123914429038548,12.557751206253448,76.99843756157163,52.04911031647981,15.783182519012652,93.78772360983169,9.496892337235186,-0.23704223275928,1.643248944720904,38.375112657372895,38.80666732788086,39.54023531715836,-1,37.49734129095441,41.73999977111816,42.170000076293945,49.69250011444092,52.579999923706055,Below_Cloud,Bearish,38.74,-0.1031459515213994,48.89346240830477
39,39,ASTOR.IS,2025-07-13 23:59:23.899940,83.06149854650238,81.35806554513765,0.026913205514069,0.7528493386576673,0.7259361331435983,16.856332349039835,0.7153895728719308,43.39190221543162,66.02738589765423,52.13272583473453,14.015749156563686,76.35130701082822,4.9943935508923865,-0.2749096552109693,3.3792677254713483,93.5780433438129,94.1000010172526,85.07303096572409,1,92.49765807362454,94.39999771118164,99.82500076293944,104.82499885559082,108.5999984741211,Below_Cloud,Bearish,93.55,-1.733193277310929,95.5718088924839
91,91,CCOLA.IS,2025-07-13 23:59:23.899940,59.50254141184672,62.90503782141284,-0.0730889494483253,0.2283202997400583,0.3014092491883837,16.55990262196826,0.6750646800048415,0.896449084947562,75.62965228832574,52.31390926191353,15.04907325508486,69.76862824238464,5.301461814244699,-0.055405783415459,1.647837143936587,50.7099192737324,51.06666819254557,47.38872894778207,1,50.34585046765957,50.2549991607666,50.55332216652052,53.08465891124043,52.94266912719043,Below_Cloud,Bearish,50.65,-0.9775171065493636,87.05581225690796
297,297,MIATK.IS,2025-07-13 23:59:23.899940,94.94058687542976,95.96184798812668,0.0353033780568888,0.4438546842372081,0.4085513061803192,20.67408989903205,0.7398754061320633,10.450198273851177,84.97690216690481,52.539694920399874,19.678570232279665,77.15098327594379,11.087423265478536,-0.2792535150987462,1.335169441937208,31.37006091684647,31.486666361490887,27.8973288870172,1,30.570105614913068,31.959999084472656,34.20000076293945,40.36000061035156,39.71000003814697,Below_Cloud,Bearish,31.26,-1.8216080402009949,38.78602556015907
129,129,ECZYT.IS,2025-07-13 23:59:23.899940,46.061964368785645,51.10533095079722,-0.1797966366987353,0.9491388953932676,1.128935532092003,16.74731330280716,0.6869974497214082,18.71866295264625,59.01994817772728,52.676314261612994,25.299155051343934,59.13756067317555,5.809864735844742,-0.1813783174815016,6.584767862437587,180.6097373420762,180.7000020345052,170.8070074178629,1,177.1778222785632,181.0,186.8477648008837,177.02640839759815,181.6226121889864,No_Data,Bearish,180.3,-0.551571980143406,185.0093185971275
142,142,ENKAI.IS,2025-07-13 23:59:23.899940,29.15367363855793,34.58486928595671,-0.2396714048091517,-0.0541016580865336,0.1855697467226181,14.748568736843954,0.5905735623299869,68.77814470129088,59.72307314716661,52.68543211743253,11.497764889582124,28.760069013604596,3.2539730980282737,-0.0618321090692035,2.121421726749352,65.06759844735475,65.06666819254558,61.039444682863554,1,63.63033286519094,61.46742292177349,66.64152981681094,60.97690847237323,55.57814029441734,Above_Cloud,Bearish,65.05,-0.6870229007633677,54.93306142432053
228,228,IZMDC.IS,2025-07-13 23:59:23.899940,44.726634911442574,43.83585963873702,-0.0108763251661823,-0.0030474460948563,0.0078288790713259,9.888807376324024,0.5930442493271254,32.28699551569506,67.59322562069,53.10094588245746,11.648289034075738,37.241010770645936,1.5594526690331918,-0.0863897058314604,0.1668198827055176,5.212991935486242,5.223333358764648,4.822976359277527,1,5.100426985205021,4.995000123977661,5.100000143051148,4.924999952316284,4.984999895095825,Above_Cloud,Bearish,5.21,-0.7619047619047636,5.280455957698226
209,209,IMASM.IS,2025-07-13 23:59:23.899940,64.98161336591757,55.572218945222936,0.0099659461893243,0.0157977775035864,0.005831831314262,22.313929183597896,0.6325465397401362,65.5844155844156,64.47588314189036,53.11800958619184,36.86707979608149,97.02815269363366,-5.847954480177796,-0.086679611361186,0.2054284944075259,3.2888133588717388,3.333333333333333,2.9073102770584303,1,3.089237408184877,3.2100000381469727,3.125,2.5225000381469727,2.615000009536743,Above_Cloud,Bullish,3.22,-9.295774647887312,2.884969752173282
237,237,KCAER.IS,2025-07-13 23:59:23.899940,41.04187579276544,45.98996199539952,-0.0090683091499625,0.0110096879532994,0.0200779971032619,11.32235518339068,0.6739512077561074,32.99633622172808,52.59253473210398,53.73543535043669,8.583967258473708,57.41242670888446,2.061374331983654,-0.126354375450717,0.4121430365246348,13.506564396631887,13.539999961853027,14.098405196154204,-1,13.213561595330267,13.480182450128035,13.216839014863158,12.488919063002507,11.825592584710655,Above_Cloud,Bullish,13.54,-0.1474926253687392,13.910423310246395
81,81,BRSAN.IS,2025-07-13 23:59:23.899940,88.28878468288234,84.03237008039979,0.0735138099194334,2.9634550959858834,2.88994128606645,14.380278675955848,0.8008354176889523,12.00657894736842,82.14622054903239,54.17649157529864,13.025052738924463,98.407524944964,4.538341158059468,-0.0192530180484438,10.77961954322136,332.1891480730223,334.6666666666667,303.7446907460254,1,324.95458258566566,339.5,374.5,377.75,378.625,Below_Cloud,Bearish,334.0,-0.5952380952380931,388.3762131262032
248,248,KMPUR.IS,2025-07-13 23:59:23.899940,66.91343583184569,62.10950101296198,-0.021525045739401,0.1003864299039872,0.1219114756433882,17.563977574999086,0.7434793457957282,11.811505507955935,62.70260910839545,54.47881375279807,21.319114718971324,71.60155894379241,7.591240703154525,0.1305851832567521,0.5288049329142147,14.582089187165543,14.646666526794434,13.130593614101215,1,14.43248855377438,14.53000020980835,15.164999961853027,17.667500019073486,17.835000038146973,Below_Cloud,Bearish,14.74,0.3403675970047759,17.656262864096913
13,13,AKFYE.IS,2025-07-13 23:59:23.899940,70.18379014810841,59.744081983057775,0.0014673639665863,0.0778984254088127,0.0764310614422263,9.230109687302708,0.8014467476131237,19.346517626827183,72.0610151051525,54.7358843711361,16.58434702795611,118.91405765623394,4.65264828192437,-0.2216544553401067,0.4502001307015988,16.293224951800177,16.546667098999023,15.44291145009069,1,15.89688296229395,15.8149995803833,17.074999809265137,17.107499599456787,16.359999656677246,No_Data,Bearish,16.42,-0.5451241671714069,18.048227161523695
254,254,KORDS.IS,2025-07-13 23:59:23.899940,67.55022336578982,63.156436779288526,-0.032574566961858,0.2963397800075977,0.3289143469694558,14.42088469920711,0.7735228855241159,10.946745562130172,71.96579356073858,55.553217849958,16.680406096840432,77.11363915834748,7.6127804116158675,0.0161726886386281,1.6602344586372908,56.89366132492468,57.16666666666666,53.018136241433766,1,56.46757590634852,55.82500076293945,56.54999923706055,58.6875,60.12499809265137,Below_Cloud,Bearish,57.25,0.0,65.82943091114947
82,82,BRYAT.IS,2025-07-13 23:59:23.899940,77.48557932478388,73.93835569447289,-0.1262644583678103,14.762036703569542,14.888301161937353,15.710063144937768,0.7921508262146142,28.57142857142857,77.09975037984674,55.55793702130717,18.26714549925989,96.378129916243,5.558674901740595,-0.0705481112766069,64.21652566852059,1869.6359026369169,1891.0,1707.870828439481,1,1828.35586576868,1889.5,2096.0,1901.4931083218903,1872.3299308678147,No_Data,Bearish,1880.0,-2.083333333333337,1897.163477332449
388,388,SOKM.IS,2025-07-13 23:59:23.899940,76.77002169523907,73.17070978520447,-0.0369403403417272,0.2838316624571786,0.3207720027989059,16.570937414517626,0.7793411385457384,11.012235817575087,75.01232901697165,55.81633539149765,16.453797384686148,81.93406859382681,8.536583238382647,0.1746969328008344,1.0630057251171436,35.38614561688344,35.586666107177734,32.91847602401811,1,34.58393378205288,34.790000915527344,36.32000160217285,37.184998989105225,37.59999942779541,Below_Cloud,Bearish,35.6,-1.1111111111111072,40.55686570416115
89,89,CANTE.IS,2025-07-13 23:59:23.899940,87.55439578483572,72.60375090203041,0.0020142164265221,0.0097595490347325,0.0077453326082104,12.337166516530454,0.8822148366537261,41.666666666666686,77.3668208391133,57.0041635017996,13.28525622710045,125.96816349253092,3.870971860300244,-0.0463155469044289,0.0488189259486397,1.588813385663603,1.6100000143051147,1.6152578286708064,-1,1.5706639899080317,1.6150000095367432,1.6200000047683716,1.629999965429306,1.559999942779541,No_Data,Bearish,1.61,-0.6172839506172867,1.5921778666075632
335,335,PENTA.IS,2025-07-13 23:59:23.899940,96.02915266165012,88.00671161419979,0.0169367703907784,0.0793171604760186,0.0623803900852402,9.423395138489813,0.9279674997425782,27.62645914396887,66.99517111946278,57.22126145544432,13.842946879092477,125.76254997157606,4.640366694772891,-0.0954019424634286,0.4341280249520961,13.354320430368729,13.466666539510092,13.701477347700951,-1,13.150218482962504,13.764999866485596,14.21999979019165,13.639999866485596,14.30999994277954,Below_Cloud,Bearish,13.53,1.0455563853622118,14.198625173002876
84,84,BUCIM.IS,2025-07-13 23:59:23.899940,83.26684366162927,79.76613722235511,-0.0001491884256813,0.0586247150021854,0.0587739034278668,13.903657183323991,0.8131876445075056,31.353135313531357,67.43390326522143,57.235943765658696,20.95125237015889,91.2467219792485,7.81954847322122,0.1981188209900814,0.1574606620404277,7.133052782403045,7.160000006357829,6.72389092939428,1,6.974891761813549,7.069792871197718,7.347039998411747,7.626761930533718,7.436154637784949,Below_Cloud,Bearish,7.17,-0.6925207756232621,7.4277828808330515
452,452,ZOREN.IS,2025-07-13 23:59:23.899940,82.75955711914737,75.130633656091,-0.0010116739269867,0.0251633342558214,0.0261750081828081,14.935158774829414,0.8276791512011098,10.33434650455928,80.69333004263068,57.384773507289,19.74401936902191,93.6073383724576,7.903780491052134,0.0814625242359153,0.0777937902383048,3.108286061586763,3.130000034968058,2.919935558831128,1,3.050650282847866,3.100000023841858,3.1950000524520874,3.4825000762939453,3.640000104904175,Below_Cloud,Bearish,3.14,0.0,3.788446938183008
417,417,TTRAK.IS,2025-07-13 23:59:23.899940,82.73681664864381,72.67510169454573,0.0958256055086663,4.020175901164443,3.924350295655776,11.896657790141289,0.8832484286611553,17.665615141955836,72.37794488417401,57.76729522923096,16.633745550979782,124.57437402411789,7.351638618246236,-0.0204647168157759,15.77494884288802,597.3752535496958,607.3333333333334,560.7541013930379,1,588.2634028994653,580.75,598.75,693.3836802723251,705.2447068657978,Below_Cloud,Bearish,606.0,1.3377926421404671,642.2175963054941
419,419,TUKAS.IS,2025-07-13 23:59:23.899940,50.12040272116648,48.97897362911298,-0.0047238260613949,0.0035707467610814,0.0082945728224763,13.933460680806933,0.8015532106860427,11.934673366834168,69.79540718305785,58.27042973917474,27.5384131868704,76.0185712917014,4.104473595365428,-0.208996760503256,0.1150185848276583,2.755669364339198,2.776666641235352,2.438978572407201,1,2.554512426137976,2.424999952316284,2.5299999713897705,2.325000077486038,2.240000069141388,Above_Cloud,Bearish,2.79,1.8248175182481676,4.539136658932539
404,404,THYAO.IS,2025-07-13 23:59:23.899940,85.60853270056504,80.4779985814808,-0.2751294659296155,2.3308216357949734,2.605951101724589,20.887496480184524,0.801338826447449,48.504983388704325,79.55079783512753,58.744143355699,18.164770158217102,91.84167138463216,7.918968692449355,0.0201237207497771,7.964366917594838,289.87043610547664,293.5833333333333,270.2308789722328,1,284.2434411072394,276.0991640558985,293.86426916051914,309.038625549322,306.81798757617287,Below_Cloud,Bearish,293.0,-1.0135135135135087,288.389258157499
379,379,SISE.IS,2025-07-13 23:59:23.899940,50.13424637316106,50.581682764667086,-0.0983606950589011,0.1276378382287058,0.225998533287607,18.772897071324252,0.730771001268999,21.768707482993204,75.98468274665215,58.82937854940488,20.618715660969837,71.59126027450924,5.927219878332655,-0.0311087627958107,0.937205438746984,35.868376776364464,36.16666666666666,34.32183536376202,1,35.505196865745944,34.06541998682544,34.71477037780589,36.284240093444815,37.39268146240677,Below_Cloud,Bearish,36.1,-0.2762430939226568,37.64199232325582
257,257,KRDMD.IS,2025-07-13 23:59:23.899940,63.94174113884225,64.81964503720006,-0.0545634648854921,0.2388452641409803,0.2934087290264725,26.34310811182039,0.7723382042503762,34.57364341085271,71.77559706642644,58.99943776380808,22.80790359342573,89.24472459138399,12.07349149252446,-0.0458657844660263,0.9163354091210946,25.573914953467813,25.84666697184245,23.31567446922749,1,24.8165052161381,22.65999984741211,23.489999771118164,26.794999599456787,28.770000457763672,Below_Cloud,Bearish,25.62,-2.5855513307984745,25.72557271289013
7,7,AGHOL.IS,2025-07-13 23:59:23.899940,79.09687931829428,74.9359336926719,-0.1818056965459478,2.4504943475905936,2.6323000441365414,19.1145305125371,0.8034686814411961,14.537075827398404,70.65824369538919,59.12768735905277,21.161974880775677,86.53620511829553,10.28225806451613,0.0295096169732348,8.972506728576967,271.7143509344445,273.75,249.11004780275312,1,264.561760912983,263.96844476952776,274.87917785130765,288.76668676911646,301.82279015483186,Below_Cloud,Bearish,273.5,-0.8159564823209453,298.8646095777829
219,219,ISDMR.IS,2025-07-13 23:59:23.899940,60.765273859768605,39.16203433039012,0.0122194837649411,0.080045421013441,0.0678259372484999,7.276521322632076,0.9561625284655406,26.84210526315792,63.70715026670467,59.46314126743081,11.79426873069742,160.63806860432254,4.441088518025746,-0.1400599931804708,0.8293132206525003,35.75443442307912,36.46666717529297,34.016881348861894,1,35.191811094498576,34.398235504094195,35.52034676275818,35.81328997935781,37.30778538059966,No_Data,Bearish,36.32,-0.6020799124247356,36.21433919957265
424,424,ULKER.IS,2025-07-13 23:59:23.899940,62.83073336603682,56.88778239773716,-0.0733000089104841,0.6972783934496505,0.7705784023601346,17.800514462056007,0.8107664419655466,13.795013850415518,60.62193363221736,59.718052483826085,16.828064165021782,93.81217202611283,9.476799787672377,0.0394245759673726,3.5088372171398383,110.24837788703717,111.06666564941406,101.61171083336885,1,106.46833598919363,100.83171447993033,104.44111348030862,107.70344868506244,114.29753508095416,No_Data,Bearish,110.9,-0.9821428571428537,113.38857022904492
268,268,KZBGY.IS,2025-07-13 23:59:23.899940,73.8369118154748,72.09466852989586,-0.0162126782866,0.0373456885945774,0.0535583668811774,20.39679870692325,0.7536872282388274,79.41176470588235,58.26841913099507,59.76663715062933,16.788511960462753,74.69293770343148,9.519415117342488,0.1030678735328797,0.5468877629139345,11.842931216435309,11.880000114440918,12.213852393998,-1,11.55908159497756,10.575000286102297,11.320000171661375,7.929999828338623,7.354999780654907,Above_Cloud,Bearish,11.85,-0.8368200836820106,8.413968044034089
338,338,PGSUS.IS,2025-07-13 23:59:23.899940,95.2911627552616,91.26481835574268,0.1554168018447423,2.0970877105166554,1.941670908671913,24.74433601768253,0.7950294570928934,68.73045653533458,77.57009330112251,59.95962311515372,18.773659920264468,100.5536651389026,9.316384606978998,-0.009171853728931,8.578964553647468,259.8201318396516,264.1666666666667,239.77204665279203,1,249.1194189197104,243.75,238.8499984741211,258.9749984741211,257.8249969482422,Above_Cloud,Bullish,262.25,-2.509293680297397,239.53043814352225
24,24,ALFAS.IS,2025-07-13 23:59:23.899940,97.983765230337,90.1531219390066,0.1541544629067629,0.6663603433469177,0.5122058804401548,20.6716549254898,0.9476620940104374,16.5351059410054,71.98962688107571,60.02129515389259,19.307089191716585,127.81981046036348,12.801577793390091,-0.2871053668254775,1.915729261193798,44.9406083166962,45.70666631062826,40.36863893319531,1,43.32503248682894,45.60000038146973,45.85000038146973,49.607500076293945,59.28499794006348,Below_Cloud,Bearish,45.82,1.641526175687669,52.55598721207093
153,153,EUREN.IS,2025-07-13 23:59:23.899940,100.0,100.0,0.0362683627529809,0.0487817119226816,0.0125133491697006,13.038291142438538,0.9824160022292224,15.257748112064858,79.39281764139747,60.08759940839992,20.3303167052422,162.063063621095,11.90018965488522,-0.2609849488833101,0.2309798727981687,5.674888379675379,5.809999942779541,6.12960889067187,-1,5.66402966109048,5.784999847412109,5.924999952316284,5.4375,5.259999990463257,Above_Cloud,Bearish,5.83,2.280701754385972,7.568052149628287
4,4,AEFES.IS,2025-07-13 23:59:23.899940,69.09952328107791,68.23277563804855,-0.0304929745526379,0.1324970155883562,0.1629899901409942,25.88850386960588,0.7687141772206926,14.165457184325106,83.04874253534292,60.29751854034501,22.200976601888573,87.48695112967317,12.634596099424208,-0.0359773945776893,0.5779304476602939,15.654878023430008,15.786666870117188,14.256770654076393,1,15.303591045680085,14.424999713897703,14.71198810375481,15.36946813591056,15.66040885152812,Above_Cloud,Bearish,15.69,-1.6300940438871423,16.865060021098987
193,193,HEKTS.IS,2025-07-13 23:59:23.899940,69.7899482548129,61.83145957987861,0.0036000509940897,0.0307597520954129,0.0271597011013231,24.285312721966747,0.8577753331339528,5.1423324150596885,81.14703674692691,60.538720285857536,24.17212160363799,123.3564895520554,14.527029095120955,0.0324563142762694,0.128789575060798,3.328894572374061,3.430000066757202,3.036898932295105,1,3.2015290249913253,3.090000033378601,3.1299999952316284,3.3174999952316284,3.375,Above_Cloud,Bearish,3.39,-2.586206896551724,4.478379207120166
96,96,CIMSA.IS,2025-07-13 23:59:23.899940,91.1532641851582,90.26592950805714,0.0584181740366815,0.6003604519635624,0.5419422779268808,26.846721345379976,0.8022659958857009,80.57553956834532,70.86032605489743,60.75052469792633,21.956535667578525,86.95141874591235,15.81291365887568,0.0775786031843232,1.927738152905378,51.80303184014063,52.0,46.4400599218849,1,49.88090253239773,50.170000076293945,49.90499877929688,49.0490125215774,48.44302435650928,Above_Cloud,Bullish,52.0,-1.7013232514177634,44.31010175088372
37,37,ASELS.IS,2025-07-13 23:59:23.899940,78.14974091369281,75.00706389586418,-0.0093380027488214,0.2563301636409143,0.2656681663897358,11.389719603134573,0.9002897081289005,98.2300884955752,66.18303318115954,60.95208885995449,24.318693793919397,129.92631217093486,3.773589173744764,0.2009453199847658,5.016761371621304,152.27819418762084,153.56666564941406,138.94117625023625,1,142.1570588658951,132.89999771118164,141.35000228881836,123.45000076293944,106.0250015258789,Above_Cloud,Bearish,154.0,0.9836065573770592,102.95394238970444
32,32,ARCLK.IS,2025-07-13 23:59:23.899940,50.933448163575086,54.83835766947226,-0.5227678662013682,0.6252126013310688,1.147980467532437,22.83169729012554,0.7314821114676779,25.498891352549887,89.05064703228769,60.99925941785519,22.89660003446885,85.8904873696325,7.593858154970192,0.1634214398127039,4.276333310981548,125.87170281710054,127.36666870117188,115.00364842707232,1,123.21248152402342,110.0,114.29999923706056,131.9000015258789,136.3499984741211,Below_Cloud,Bearish,126.1,-1.6380655226209018,131.1423092792964
16,16,AKSEN.IS,2025-07-13 23:59:23.899940,100.0,81.88444908722323,0.0978475534364495,0.2257538591258837,0.1279063056894341,11.228087611827616,0.9910767211635388,32.39795918367346,76.42587870457884,61.12434514009019,17.031370308642078,157.4773456586477,8.225107714476163,-0.1669639281098926,1.0737322288493714,34.45430033685711,34.980000813802086,31.77247956142903,1,33.62973410181221,32.96000003814697,32.97999954223633,33.28500032424927,35.1899995803833,No_Data,Bearish,35.0,0.9227220299884652,35.425562445372115
12,12,AKFGY.IS,2025-07-13 23:59:23.899940,56.615427822967575,81.63381597784947,-0.0219399995352247,0.0214409578919351,0.0433809574271599,49.87166855495998,0.6614746891966695,78.2258064516129,77.81619725170924,61.2788952520653,35.78386086391602,58.328218760519086,11.81435541471757,-0.0106070301615615,0.1302051140396517,2.7415517283259736,2.68666664759318,2.463892749788433,1,2.7356734672033194,2.050000011920929,2.0450000166893005,1.8899999856948853,1.884999930858612,Above_Cloud,Bullish,2.65,-5.017921146953408,2.1462855353198385
436,436,VESBE.IS,2025-07-13 23:59:23.899940,90.78597408023217,83.2884076389956,-0.005155527838684,0.1644410053650718,0.1695965332037559,21.90436938069752,0.9344819532935092,12.41655540720961,75.81085910464593,61.503100756236186,25.980895542761317,117.07025300926594,13.755461243133231,0.1549183119509989,0.3430174600440388,10.17254573191397,10.320000012715658,9.24488748214904,1,9.753043306375716,9.8149995803833,10.464999675750732,13.06749987602234,13.769999980926514,Below_Cloud,Bearish,10.42,2.357563850687616,13.99221335015726
171,171,GESAN.IS,2025-07-13 23:59:23.899940,90.14030745079737,77.63816795678768,0.2958120287617929,0.8200072673460483,0.5241952385842554,26.80397460593012,0.9727131905954328,46.02510460251045,75.24614950284285,61.70674989460499,24.395325961166147,164.31924389106842,17.790168830809762,-0.0111360783403498,1.943366477671045,45.46947269168877,46.62000020345052,41.419849468606586,1,42.59865640954772,44.27000045776367,43.73999977111816,45.77999973297119,48.72999954223633,No_Data,Bullish,46.48,-2.1473684210526423,44.60194839751452
363,363,SAHOL.IS,2025-07-13 23:59:23.899940,67.72789197121709,71.89811683310437,-0.3108461637531701,0.4447643227148976,0.7556104864680677,27.06043217049754,0.7206856042715742,48.85496183206108,57.60304035883886,61.81818923416247,21.26136137266766,66.01546666379753,11.397062776548026,-0.0967952375864337,3.193228139986996,91.35015223040784,91.16666666666669,83.59161130239569,1,86.70484394153976,77.625,76.27499771118164,83.53313377863634,90.21091440658968,Above_Cloud,Bullish,90.9,-1.99460916442048,86.8252889601068
104,104,CWENE.IS,2025-07-13 23:59:23.899940,83.12182470675657,83.65814680016855,0.0370858642892376,0.3071322684299599,0.2700464041407222,31.835966941009747,0.8459808060990799,16.118329379473053,72.08671804993625,62.50996065189362,22.4646665113114,101.70153303355607,18.291819313947748,-0.3262045080770096,0.8101852289881339,16.57272854392959,16.75666681925456,14.803277142194847,1,15.871743792166608,14.945000171661375,15.775000095367432,17.009999752044678,17.309999465942383,Below_Cloud,Bearish,16.62,-2.2927689594356315,19.1582512119278
336,336,PETKM.IS,2025-07-13 23:59:23.899940,61.31368455928405,45.98012209898544,-0.0014006062347399,0.0703168780253368,0.0717174842600768,11.601289199788043,0.8961604481826159,23.230490018148807,56.364998745492734,62.53731301768142,17.449362632599353,110.71884488332172,7.19033588468596,-0.2653222783448994,0.4412383262359557,17.497180563441155,17.71666653951009,16.382070656865455,1,17.21647805074163,16.74000072479248,16.945000171661377,16.797500133514404,16.895000457763672,Above_Cloud,Bearish,17.74,0.1128668171557434,18.391401150224358
384,384,SMRTG.IS,2025-07-13 23:59:23.899940,94.13645887378269,84.87827314914001,0.1094204513323806,0.5078256846997754,0.3984052333673947,24.631978302340087,0.9910723275785496,19.50593519409688,84.04714841959233,62.98592431119992,22.84828001719933,156.63931081687565,17.10231443716871,-0.2092770406042502,1.3657056901593334,30.475639296835386,31.45999972025553,27.26116692295665,1,28.826656192378312,28.800000190734863,29.649999618530277,33.4950008392334,36.8100004196167,Below_Cloud,Bearish,31.36,3.0900723208415526,35.41212632863206
146,146,EREGL.IS,2025-07-13 23:59:23.899940,53.63350820545303,49.269061919817176,-0.0565007496586436,0.0004828076352719,0.0569835572939156,11.197920202198626,0.7642605064493658,70.42394014962593,67.83170133596187,63.42497118473491,24.154947944785725,87.82659740543122,6.266324656103862,-0.1545079996653917,0.7116513452091419,27.10337077096316,27.30666669209798,25.27808822001049,1,25.956790369107992,23.458277547458916,23.29977625282307,21.977275172678,22.76483185288773,Above_Cloud,Bullish,27.16,-1.3081395348837233,24.411414510667168
162,162,FROTO.IS,2025-07-13 23:59:23.899940,94.83064771504752,93.3217329311545,-0.013914192782201,1.0258175210776166,1.0397317138598177,21.64563808657945,0.8427767521798882,48.596750369276215,80.34623400589011,63.46354032148791,22.675549268331316,116.20839207386088,9.792626383816543,0.1915498633451715,3.0704755520879203,94.82368276568988,96.41666666666669,87.92494955566141,1,92.13734830913364,85.02499771118164,89.625,97.625,97.8288798051848,Below_Cloud,Bearish,95.3,-2.0554984583761597,91.79579300587832
122,122,DOHOL.IS,2025-07-13 23:59:23.899940,66.4887731956512,62.43184282341037,-0.0147230160468157,0.0875134916627856,0.1022365077096014,16.32672223325971,0.8399275583644732,67.68642447418736,81.50008719162008,63.6076912858944,14.875923386397243,89.69482184211024,7.702609477721197,0.0738377393561579,0.4060258678976539,15.889036408786115,15.976666768391928,14.864441099858306,1,15.715522695529229,14.869999885559082,15.304999828338625,15.87750005722046,14.974999904632568,Above_Cloud,Bearish,16.08,0.4999999999999893,14.910191799506428
321,321,OYAKC.IS,2025-07-13 23:59:23.899940,94.5897713394914,96.77113887530425,0.0274980923421742,0.3813881203412617,0.3538900279990875,25.358873681499556,0.8772155698165736,55.80179350525469,85.09656869736604,63.680266547177055,23.19149480822408,116.35492229616833,14.80787171891795,-0.0860789395439726,0.940393937635646,24.32628801821695,24.666666666666668,21.9274940704773,1,23.232068628229108,21.960000038146973,23.979999542236328,28.94000005722046,28.770000457763672,Below_Cloud,Bearish,24.5,-2.0000000000000018,21.83877236375878
20,20,ALARK.IS,2025-07-13 23:59:23.899940,95.87166048878788,87.72003563825808,0.1716092105480942,1.2135295050982655,1.0419202945501715,23.209992744481116,0.9295582449320456,43.72230428360414,78.62881758620613,65.04544213039287,25.06587171702237,131.0361286691228,13.71681249484582,0.002923129513764,2.533917793540743,88.18098222991757,90.08333333333331,82.67579307729794,1,85.56390951440241,82.9000015258789,89.95000076293945,93.9843144914007,88.84256294293463,No_Data,Bearish,89.95,-0.0555555555555531,87.84779741168381
168,168,GENIL.IS,2025-07-13 23:59:23.899940,71.73718070673162,66.31307845707217,0.2875244788555159,0.6035188342323075,0.3159943553767915,13.977211622528792,1.086819979209259,94.9579831932773,67.96398418118987,65.46222715320202,31.2827284036196,169.09866566124052,9.30384081697365,0.1757356940489674,6.595631744420843,163.09797129911533,165.46666463216147,145.3601087822448,1,150.10502969499942,137.1999969482422,135.1357914692647,141.04567746306657,141.84479866788422,Above_Cloud,Bullish,168.0,5.000000000000004,121.20966570382318
224,224,ISMEN.IS,2025-07-13 23:59:23.899940,97.99071166755628,88.99762862035415,0.0086375426523289,0.4024804421221357,0.3938428994698068,21.77777514496691,0.9241698892974712,39.33870284018654,84.64238083875439,65.62462163989845,15.78879711290138,132.72362701422622,12.797283399824126,-0.0357272045088629,1.4761343705898131,39.06703883590853,40.073333740234375,35.72417251549058,1,37.447116464533856,33.77000045776367,36.18000030517578,40.14545675149609,40.72107516470858,Below_Cloud,Bearish,39.84,-0.6483790523690747,35.73244043716993
238,238,KCHOL.IS,2025-07-13 23:59:23.899940,87.58753158522848,74.82352510833532,0.1917793918568517,1.396344191582946,1.2045647997260942,21.115654265396785,0.9154287229626206,31.490621915103656,75.85190581455464,65.72099143128366,18.26432732000553,123.0914603478344,14.920193677545903,-0.0241661550106076,5.1690109794568935,162.2940167162046,165.76666768391928,150.2570945039822,1,155.12338444107877,146.5,147.0999984741211,151.7838000176314,157.8676030870206,Above_Cloud,Bearish,165.6,0.0,162.79603803913906
176,176,GLYHO.IS,2025-07-13 23:59:23.899940,76.13356507483162,72.10957504970868,-0.0163245322623524,0.0739415797565299,0.0902661120188824,31.290501214796254,0.8199418832493722,96.88195991091315,90.42440898231968,66.27160543253989,28.83817573803322,101.82743505245612,16.05744804715882,0.1549234539837292,0.3119963909217577,8.798823736744042,8.933333396911621,8.044424438788909,1,8.404846800826169,7.195000171661377,7.565000057220459,7.297500014305115,6.740000009536743,Above_Cloud,Bearish,8.89,-0.1123595505617913,6.607527844996562
352,352,QUAGR.IS,2025-07-13 23:59:23.899940,72.7164834245724,62.88577316991916,0.0141008442328869,0.0004381751689455,-0.0136626690639414,6.787375670960792,1.2183412230826207,97.51861042183624,67.9904093081416,66.37478196122888,24.185048313392542,215.5482615050749,5.427630392220527,-0.1922935328399202,0.206993278140669,6.264807241683558,6.353333314259847,5.746953913335423,1,5.991711645573603,5.585000038146973,5.5350000858306885,4.690000057220459,4.230000138282776,Above_Cloud,Bullish,6.41,3.889789303079416,4.317144408370721
380,380,SKBNK.IS,2025-07-13 23:59:23.899940,27.63868224290886,40.8665931936624,-0.0699772978841649,0.0600047533700303,0.1299820512541953,62.97972739221812,0.722887042215614,81.32678132678134,66.66809999516236,67.74678286766884,37.43348140861301,70.19843247666869,21.180551071410004,0.1198613124538269,0.3683403434367113,7.001653081746904,7.050000031789144,6.476061777732053,1,6.919314704736999,4.725833310371703,5.032962690844069,4.89921301419708,4.567314936166613,Above_Cloud,Bearish,6.98,-3.1900138696255187,4.788464076279117
410,410,TOASO.IS,2025-07-13 23:59:23.899940,87.9480026694179,85.16317561270651,-0.1926449083773387,2.350865210943744,2.5435101193210827,28.80733376308153,0.8229110633755035,37.59264749481174,92.13921395341504,68.20216504890573,22.7005664407598,97.17469353725038,15.592855185497555,-0.0002319548239484,6.441888699759302,211.89026250316937,214.0666707356771,195.905139197682,1,207.36219651796372,190.3000030517578,201.0999984741211,178.4000015258789,178.4000015258789,Above_Cloud,Bearish,213.5,-0.0468164794007464,197.36106330990108
320,320,OTKAR.IS,2025-07-13 23:59:23.899940,90.99925483032555,80.99985034717723,1.587126925782028,5.45053906884887,3.8634121430668418,20.998845049019963,1.0889164225720436,31.944444444444443,80.34454009011269,68.31215703094043,24.48058242253219,180.2011562524748,14.79591836734694,0.1543175478196721,15.497587318178802,432.1285496957404,447.25,399.5619389082411,1,412.27392511133735,403.125,400.25,432.875,449.25,Above_Cloud,Bullish,450.0,3.5077630822311745,437.97979973051656
420,420,TUPRS.IS,2025-07-13 23:59:23.899940,64.25848384206095,44.87027496064476,0.3962114966978727,0.9944538924042624,0.5982423957063898,18.08647907350748,1.0552557122732529,70.4710144927536,65.61823061674333,69.0862822585432,22.2695203185927,177.06577060593457,16.220241102502055,0.0520887097320184,4.919936957212981,150.29867917383902,154.8999989827474,138.95663336562288,1,139.87590363765293,127.0500030517578,127.4000015258789,128.88532784305087,127.75101453756037,Above_Cloud,Bearish,156.2,3.2385988103106333,136.24344509585018
63,63,BIENY.IS,2025-07-13 23:59:23.899940,95.30675267158637,88.03188279444056,0.250493714376377,0.5089005516494101,0.258406837273033,22.2652844285736,0.9992555875079828,92.31391585760517,74.5394639985837,69.252705208066,36.81333167895425,167.35008223629973,16.463987820088665,0.0025299866791545,2.1275367377176715,48.63066910826893,49.88333257039388,43.13140149661815,1,45.26721248417379,42.38999938964844,41.23000144958496,36.77500009536743,34.77000045776367,Above_Cloud,Bullish,49.8,-1.3861386138613874,36.40439171635067
152,152,EUPWR.IS,2025-07-13 23:59:23.899940,97.57668443620832,85.10972756353651,0.3158295475701909,0.6930862473278607,0.3772566997576698,32.23601196379212,1.1087967391879237,49.5260663507109,87.90862017322725,69.5077449577475,25.35227901456164,235.98622922321215,23.865416701583733,-0.1551188202882924,1.5198504501973982,30.116267691761195,32.12666702270508,27.45742890245604,1,27.572666554145957,27.039999961853027,26.940000534057617,30.25500011444092,32.670000076293945,No_Data,Bullish,31.66,-4.867788461538469,29.97262446605709
141,141,ENJSA.IS,2025-07-13 23:59:23.899940,84.65687519014718,78.21850952218496,-0.0084366962047444,0.6233225745105633,0.6317592707153077,26.58024436997379,0.9196485562770308,63.260340632603416,75.86971534736567,71.01298596252609,24.80584081832084,110.80558247360013,17.781853159677777,0.2712129360829462,2.057146726105295,62.57936161575162,63.48333231608073,56.79047877319209,1,60.48792161782062,53.47500038146973,54.75,58.37396328579669,57.64042221930973,Above_Cloud,Bearish,64.25,2.717825739408486,57.18128551121964
398,398,TAVHL.IS,2025-07-13 23:59:23.899940,97.68555847352135,93.01177319246604,-0.3510837097825252,1.8867645024916653,2.2378482122741907,28.75080174363392,0.8314199593631469,77.93696275071633,86.71605140371571,71.63292596466418,27.525720157851648,104.40639574414644,11.90089496951434,0.0996541724585892,8.550250071454547,271.032505074089,275.1666666666667,249.69648856460608,1,264.2900247066035,221.25,231.0500030517578,243.3125,251.8000030517578,Above_Cloud,Bearish,275.5,-0.3616636528028905,250.2211583721971
9,9,AKBNK.IS,2025-07-13 23:59:23.899940,62.18354911601966,64.59562198338106,-0.2335510527206711,0.2768255538793447,0.5103766066000158,30.7827111250136,0.7838611555566861,78.55718085106382,73.46833474707603,72.07699014502091,32.59099042717942,85.25756304828349,14.438062554400116,0.0338684209101676,2.2866818494703365,69.43001987387636,70.10000101725261,63.55365644592701,1,67.8336302574807,53.42500114440918,52.040000915527344,56.07180083062662,61.31860280566242,Above_Cloud,Bullish,69.75,-1.552575864502459,58.63863723225428
429,429,VAKBN.IS,2025-07-13 23:59:23.899940,92.81898425026982,87.75565426498058,-0.0405335553078596,0.1598414795136096,0.2003750348214693,25.38244324223052,0.8440113706279163,90.14084507042251,81.46673198257007,73.49509276984013,31.714968723512055,98.31652391034164,11.07594604829138,0.0197598775018017,0.93650873041884,27.747504977135343,27.98666699727376,25.27344232263729,1,26.843709839889254,23.15000057220459,22.36999988555908,22.84500026702881,24.5600004196167,Above_Cloud,Bullish,28.08,-0.2840909090909171,23.521457454637503
164,164,GARAN.IS,2025-07-13 23:59:23.899940,85.47647967812338,81.89222763020655,-0.1987207951826055,1.142829117951516,1.3415499131341215,34.01700481579247,0.8361045862575087,92.97520661157024,86.6174282659903,75.19771485316811,38.83820296819517,98.1869796511724,18.896320035498373,-0.0123862997973182,4.275709734340608,140.40253351764795,142.56666564941406,129.90933827785204,1,135.7399944261486,110.8499984741211,107.7249984741211,112.377114100484,120.20422896390744,Above_Cloud,Bullish,142.2,-0.5594405594405716,117.38701209639042
188,188,HALKB.IS,2025-07-13 23:59:23.899940,68.63490992326311,69.13825559767263,-0.0698413267372334,0.2812808441266134,0.3511221708638469,42.46900977371244,0.8589840612552256,98.5207100591716,81.73734514647425,75.80504706481413,35.93585327313594,103.00629810149842,16.369807560817364,0.1622285619141611,1.0037474226742575,26.72659249528185,27.240000406901043,23.994490223011685,1,26.07378902515589,20.184999465942383,21.0049991607666,20.355000019073486,20.5649995803833,Above_Cloud,Bearish,27.44,1.629629629629625,19.415126987391496
284,284,MAVI.IS,2025-07-13 23:59:23.899940,93.67052928764868,94.61267851949192,0.0520725648667733,0.6026106614718456,0.5505380966050722,36.88648347501004,0.899001668351659,36.49559357179886,89.45138883068226,76.61997651157867,46.24159214190856,123.3583804527972,26.65514644253144,0.0759200257704697,1.565648233529233,43.3602838303448,44.28666559855143,39.50598924628354,1,41.34583929029886,31.57283347466053,32.54722310864706,32.74691572123835,33.65739004057879,Above_Cloud,Bearish,44.0,-2.222222222222225,38.517570584502366
21,21,ALBRK.IS,2025-07-13 23:59:23.899940,97.36598656223934,91.7429839110364,-0.0043091410553242,0.0749402254100617,0.079249366465386,36.91723035034692,0.8497462153968127,96.12403100775198,85.65357808459696,76.94278534227416,42.32391366967844,96.05919374733011,19.502079122123668,0.121045680046145,0.3081517201433618,8.495223159964137,8.570000012715658,7.604706553625633,1,8.310921653565401,6.825000047683716,6.549999952316284,6.321208401089281,6.458851637023212,Above_Cloud,Bullish,8.64,0.5820721769499437,6.497262949119874
446,446,YKBNK.IS,2025-07-13 23:59:23.899940,99.3754044369041,95.39171208025896,0.0317994306157388,0.3726515871997613,0.3408521565840224,35.99315050054515,0.8838584607757755,95.05409582689336,65.74056147684179,79.04972638842239,38.443408251943424,114.00512767888954,22.214290073939733,0.0768356553267954,1.077132800455225,33.6336513523156,34.25333404541016,31.02824465264197,1,32.758064477459705,26.460000038146973,24.989999771118164,25.71500015258789,28.300000190734863,Above_Cloud,Bullish,34.22,-1.440092165898621,28.37969608806093
218,218,ISCTR.IS,2025-07-13 23:59:23.899940,96.69090236086726,90.49276469191926,0.0100648696642802,0.2131208762092442,0.203056006544964,41.46717654537465,0.9042410304211652,63.89610389610391,89.83667025365354,81.57433177422027,41.58972289367183,116.63297835425638,28.22925841907225,0.1331594777967404,0.4489861066366801,14.627514975549724,14.966666539510092,13.53631483517633,1,14.333531293129514,11.099999904632568,10.774999618530272,12.179553220632734,13.34910621238363,Above_Cloud,Bullish,14.99,-0.7284768211920478,12.762252718097857
